id,latitude,longitude,elevation(m),component,response,unit
CI.ADO..HH,34.55046,-117.43391000000001,908.0,"E,N,Z","627368000.00,627368000.00,627368000.00",m/s
CI.ADO..HN,34.55046,-117.43391000000001,908.0,"E,N,Z","214253.00,214287.00,214253.00",m/s**2
CI.ALP..HH,34.68708,-118.29946000000001,753.0,"E,N,Z","624238000.00,624238000.00,624238000.00",m/s
CI.ALP..HN,34.68708,-118.29946000000001,753.0,"E,N,Z","213809.00,214185.00,213911.00",m/s**2
CI.ARV..HH,35.1269,-118.83008999999998,258.0,"E,N,Z","624237000.00,624237000.00,624237000.00",m/s
CI.ARV..HN,35.1269,-118.83008999999998,258.0,"E,N,Z","214048.00,214219.00,213740.00",m/s**2
CI.AVM..HH,35.06562,-116.61549,708.5,"E,N,Z","314768000.00,314768000.00,314768000.00",m/s
CI.AVM..HN,35.06562,-116.61549,708.5,"E,N,Z","213769.00,213641.00,213726.00",m/s**2
CI.BAK..HH,35.344440000000006,-119.10445,116.0,"E,N,Z","626628000.00,627467000.00,626628000.00",m/s
CI.BAK..HN,35.344440000000006,-119.10445,116.0,"E,N,Z","214355.00,214355.00,214253.00",m/s**2
CI.BAR..HH,32.68005,-116.67215,529.0,"E,N,Z","629865000.00,629865000.00,629865000.00",m/s
CI.BAR..HN,32.68005,-116.67215,529.0,"E,N,Z","214532.00,214532.00,214292.00",m/s**2
CI.BBR..HH,34.2623,-116.92075,2069.0,"E,N,Z","624237000.00,624237000.00,624237000.00",m/s
CI.BBR..HN,34.2623,-116.92075,2069.0,"E,N,Z","213808.00,213774.00,214116.00",m/s**2
CI.BBS..HH,33.92139,-116.98058,785.0,"E,N,Z","629865000.00,629865000.00,629865000.00",m/s
CI.BBS..HN,33.92139,-116.98058,785.0,"E,N,Z","214190.00,214601.00,214155.00",m/s**2
CI.BC3..HH,33.65515,-115.45366000000001,1137.0,"E,N,Z","629865000.00,629865000.00,629865000.00",m/s
CI.BC3..HN,33.65515,-115.45366000000001,1137.0,"E,N,Z","213616.00,214130.00,214601.00",m/s**2
CI.BCW..HH,34.940090000000005,-119.41313000000001,1101.0,"E,N,Z","629145000.00,629145000.00,629145000.00",m/s
CI.BCW..HN,34.940090000000005,-119.41313000000001,1101.0,"E,N,Z","214082.00,214321.00,214287.00",m/s**2
CI.BEL..HH,34.0006,-115.9982,1388.0,"E,N,Z","629145000.00,629145000.00,629145000.00",m/s
CI.BEL..HN,34.0006,-115.9982,1388.0,"E,N,Z","213945.00,214184.00,214321.00",m/s**2
CI.BFS..HH,34.23883,-117.65853,1312.0,"E,N,Z","629865000.00,629865000.00,629865000.00",m/s
CI.BFS..HN,34.23883,-117.65853,1312.0,"E,N,Z","214292.00,214429.00,214224.00",m/s**2
CI.BHP..HH,33.99053,-118.36171000000002,81.0,"E,N,Z","839699000.00,836343000.00,837182000.00",m/s
CI.BHP..HN,33.99053,-118.36171000000002,81.0,"E,N,Z","214184.00,214355.00,214047.00",m/s**2
CI.BLA2..HH,34.069309999999994,-116.38993,1245.0,"E,N,Z","624238000.00,624238000.00,624238000.00",m/s
CI.BLA2..HN,34.069309999999994,-116.38993,1245.0,"E,N,Z","214151.00,214117.00,214356.00",m/s**2
CI.BLC..HH,34.243559999999995,-118.67312,607.0,"E,N,Z","629145000.00,629145000.00,629145000.00",m/s
CI.BLC..HN,34.243559999999995,-118.67312,607.0,"E,N,Z","213628.00,213286.00,213714.00",m/s**2
CI.BLY..HH,33.7503,-114.52375,201.0,"E,N,Z","624237000.00,624237000.00,624237000.00",m/s
CI.BLY..HN,33.7503,-114.52375,201.0,"E,N,Z","214356.00,214356.00,214082.00",m/s**2
CI.BOM..HH,33.36465,-115.72963,-54.0,"E,N,Z","624238000.00,624238000.00,624238000.00",m/s
CI.BOM..HN,33.36465,-115.72963,-54.0,"E,N,Z","214151.00,213945.00,214185.00",m/s**2
CI.BOR..HH,33.2682,-116.41716000000001,252.0,"E,N,Z","629865000.00,629865000.00,629865000.00",m/s
CI.BOR..HN,33.2682,-116.41716000000001,252.0,"E,N,Z","214224.00,214292.00,214224.00",m/s**2
CI.BRE..HH,33.807759999999995,-117.98116,24.0,"E,N,Z","624237000.00,624237000.00,624237000.00",m/s
CI.BRE..HN,33.807759999999995,-117.98116,24.0,"E,N,Z","214014.00,214116.00,213774.00",m/s**2
CI.BTP..HH,34.68224,-118.57398,1702.0,"E,N,Z","489978000.00,489978000.00,489978000.00",m/s
CI.BTP..HN,34.68224,-118.57398,1702.0,"E,N,Z","213945.00,214082.00,214082.00",m/s**2
CI.CAR..HH,35.30819,-119.84583,765.0,"E,N,Z","489978000.00,489978000.00,489978000.00",m/s
CI.CAR..HN,35.30819,-119.84583,765.0,"E,N,Z","214321.00,214287.00,213637.00",m/s**2
CI.CCA..HH,35.15252,-118.01648999999999,710.0,"E,N,Z","626910000.00,626910000.00,626838000.00",m/s
CI.CCA..HN,35.15252,-118.01648999999999,710.0,"E,N,Z","213671.00,213458.00,214014.00",m/s**2
CI.CCC..HH,35.52495,-117.36453,670.0,"E,N,Z","627368000.00,627368000.00,627368000.00",m/s
CI.CCC..HN,35.52495,-117.36453,670.0,"E,N,Z","213979.00,214322.00,213808.00",m/s**2
CI.CDM..HH,34.36855,-119.34143700000001,166.8,"E,N,Z","314573000.00,314573000.00,314573000.00",m/s
CI.CDM..HN,34.36855,-119.34143700000001,166.8,"E,N,Z","213636.00,213935.00,213893.00",m/s**2
CI.CGO..HH,36.5504,-117.80295,2795.0,"E,N,Z","629029000.00,629866000.00,630702000.00",m/s
CI.CGO..HN,36.5504,-117.80295,2795.0,"E,N,Z","214014.00,214116.00,213637.00",m/s**2
CI.CHF..HH,34.33341,-118.02585,1594.0,"E,N,Z","489978000.00,489978000.00,489978000.00",m/s
CI.CHF..HN,34.33341,-118.02585,1594.0,"E,N,Z","214184.00,214116.00,214355.00",m/s**2
CI.CHN..HH,33.99879,-117.68043999999999,208.0,"E,N,Z","629145000.00,629145000.00,629145000.00",m/s
CI.CHN..HN,33.99879,-117.68043999999999,208.0,"E,N,Z","214355.00,213671.00,214184.00",m/s**2
CI.CHR..HH,34.729019,-119.392693,1021.8,"E,N,Z","314573000.00,314573000.00,314573000.00",m/s
CI.CHR..HN,34.729019,-119.392693,1021.8,"E,N,Z","213337.00,213978.00,213978.00",m/s**2
CI.CIA..HH,33.401897999999996,-118.415021,477.0,"E,N,Z","629865000.00,629865000.00,629865000.00",m/s
CI.CIA..HN,33.401897999999996,-118.415021,477.0,"E,N,Z","214429.00,214018.00,214532.00",m/s**2
CI.CJM..HH,34.27117,-117.42448,1616.0,"E,N,Z","624238000.00,624238000.00,624238000.00",m/s
CI.CJM..HN,34.27117,-117.42448,1616.0,"E,N,Z","214322.00,214082.00,213945.00",m/s**2
CI.CJV2..HH,34.52978,-118.1445,1296.0,"E,N,Z","624238000.00,624238000.00,624238000.00",m/s
CI.CJV2..HN,34.52978,-118.1445,1296.0,"E,N,Z","213843.00,213886.00,213886.00",m/s**2
CI.CKP..HH,33.55507,-114.8904,145.0,"E,N,Z","314573000.00,314573000.00,314573000.00",m/s
CI.CKP..HN,33.55507,-114.8904,145.0,"E,N,Z","213636.00,213764.00,213893.00",m/s**2
CI.CLC..HH,35.815740000000005,-117.59751000000001,775.0,"E,N,Z","627368000.00,627368000.00,627368000.00",m/s
CI.CLC..HN,35.815740000000005,-117.59751000000001,775.0,"E,N,Z","213945.00,213808.00,213740.00",m/s**2
CI.CLT..HH,34.09284,-117.31687,325.0,"E,N,Z","624237000.00,624237000.00,624237000.00",m/s
CI.CLT..HN,34.09284,-117.31687,325.0,"E,N,Z","214227.00,213586.00,213800.00",m/s**2
CI.COA..HH,32.863409999999995,-115.12338999999999,36.0,"E,N,Z","626911000.00,626911000.00,626839000.00",m/s
CI.COA..HN,32.863409999999995,-115.12338999999999,36.0,"E,N,Z","213714.00,214313.00,213714.00",m/s**2
CI.CRG..HH,35.2422,-119.72486,1169.0,"E,N,Z","624237000.00,624237000.00,624237000.00",m/s
CI.CRG..HN,35.2422,-119.72486,1169.0,"E,N,Z","213543.00,213885.00,214014.00",m/s**2
CI.CRR..HH,32.88682,-115.96918000000001,66.0,"E,N,Z","629145000.00,629145000.00,629145000.00",m/s
CI.CRR..HN,32.88682,-115.96918000000001,66.0,"E,N,Z","213757.00,213586.00,213714.00",m/s**2
CI.CSH..HH,33.6442,-116.5956,1637.0,"E,N,Z","314573000.00,314573000.00,314573000.00",m/s
CI.CSH..HN,33.6442,-116.5956,1637.0,"E,N,Z","213508.00,213636.00,213593.00",m/s**2
CI.CTC..HH,33.655159999999995,-115.99006000000001,538.0,"E,N,Z","629145000.00,629145000.00,629145000.00",m/s
CI.CTC..HN,33.655159999999995,-115.99006000000001,538.0,"E,N,Z","214219.00,214287.00,214150.00",m/s**2
CI.CTW..HH,33.677279999999996,-115.87213999999999,504.0,"E,N,Z","629145000.00,629145000.00,629145000.00",m/s
CI.CTW..HN,33.677279999999996,-115.87213999999999,504.0,"E,N,Z","213586.00,213970.00,213799.00",m/s**2
CI.CWC..HH,36.43988,-118.08016,1595.0,"E,N,Z","629145000.00,629145000.00,629145000.00",m/s
CI.CWC..HN,36.43988,-118.08016,1595.0,"E,N,Z","213979.00,214219.00,214082.00",m/s**2
CI.CWP..HH,33.557975,-117.55775,242.6,"E,N,Z","314573000.00,314573000.00,314573000.00",m/s
CI.CWP..HN,33.557975,-117.55775,242.6,"E,N,Z","213294.00,213379.00,213550.00",m/s**2
CI.CYP..HH,32.906110999999996,-116.627222,1013.7,"E,N,Z","314768000.00,314768000.00,314768000.00",m/s
CI.CYP..HN,32.906110999999996,-116.627222,1013.7,"E,N,Z","213812.00,213726.00,213769.00",m/s**2
CI.DAN..HH,34.63745,-115.38115,428.0,"E,N,Z","783262000.00,783262000.00,787271000.00",m/s
CI.DAN..HN,34.63745,-115.38115,428.0,"E,N,Z","214116.00,213877.00,214116.00",m/s**2
CI.DAW..HH,36.27148,-117.59213999999999,1477.4,"E,N,Z","314768000.00,314768000.00,314768000.00",m/s
CI.DAW..HN,36.27148,-117.59213999999999,1477.4,"E,N,Z","213512.00,213897.00,214625.00",m/s**2
CI.DEC..HH,34.25353,-118.33383,519.0,"E,N,Z","627368000.00,627368000.00,627368000.00",m/s
CI.DEC..HN,34.25353,-118.33383,519.0,"E,N,Z","213808.00,213774.00,214185.00",m/s**2
CI.DEV..HH,33.935970000000005,-116.57793999999998,337.0,"E,N,Z","624238000.00,624238000.00,624238000.00",m/s
CI.DEV..HN,33.935970000000005,-116.57793999999998,337.0,"E,N,Z","213980.00,213774.00,213809.00",m/s**2
CI.DGR..HH,33.650009999999995,-117.00947,650.0,"E,N,Z","629145000.00,629145000.00,629145000.00",m/s
CI.DGR..HN,33.650009999999995,-117.00947,650.0,"E,N,Z","213740.00,214082.00,214047.00",m/s**2
CI.DJJ..HH,34.10618,-118.45505,268.0,"E,N,Z","627369000.00,627369000.00,627369000.00",m/s
CI.DJJ..HN,34.10618,-118.45505,268.0,"E,N,Z","214322.00,214082.00,214014.00",m/s**2
CI.DLA..HH,33.84822,-118.09624,14.0,"E,N,Z","629865000.00,629865000.00,629865000.00",m/s
CI.DLA..HN,33.84822,-118.09624,14.0,"E,N,Z","214155.00,213950.00,214155.00",m/s**2
CI.DNR..HH,33.56667,-116.63056,1274.0,"E,N,Z","627369000.00,627369000.00,627369000.00",m/s
CI.DNR..HN,33.56667,-116.63056,1274.0,"E,N,Z","214151.00,214185.00,213843.00",m/s**2
CI.DPP..HH,32.99889,-116.94187,463.0,"E,N,Z","627369000.00,627369000.00,627369000.00",m/s
CI.DPP..HN,32.99889,-116.94187,463.0,"E,N,Z","214048.00,214151.00,214219.00",m/s**2
CI.DRE..HH,32.80532,-115.44679,-13.0,"E,N,Z","629027000.00,629864000.00,628191000.00",m/s
CI.DRE..HN,32.80532,-115.44679,-13.0,"E,N,Z","214322.00,214048.00,213979.00",m/s**2
CI.DSC..HH,35.14255,-116.10395,283.0,"E,N,Z","629145000.00,629145000.00,629145000.00",m/s
CI.DSC..HN,35.14255,-116.10395,283.0,"E,N,Z","214013.00,213911.00,214287.00",m/s**2
CI.DTP..HH,35.26742,-117.84581000000001,908.0,"E,N,Z","627368000.00,627368000.00,627368000.00",m/s
CI.DTP..HN,35.26742,-117.84581000000001,908.0,"E,N,Z","214399.00,213971.00,214484.00",m/s**2
CI.DZA..HH,32.60657,-116.77476999999999,554.7,"E,N,Z","314573000.00,314573000.00,314573000.00",m/s
CI.DZA..HN,32.60657,-116.77476999999999,554.7,"E,N,Z","213636.00,213508.00,213679.00",m/s**2
CI.EDW2..HH,34.8811,-117.99388,772.0,"E,N,Z","625790000.00,629984000.00,626628000.00",m/s
CI.EDW2..HN,34.8811,-117.99388,772.0,"E,N,Z","214321.00,214321.00,213774.00",m/s**2
CI.ELS2..HH,33.64907,-117.42603999999999,844.0,"E,N,Z","624238000.00,624238000.00,624238000.00",m/s
CI.ELS2..HN,33.64907,-117.42603999999999,844.0,"E,N,Z","213372.00,213501.00,214228.00",m/s**2
CI.EML..HH,32.89083,-116.84566000000001,161.0,"E,N,Z","629865000.00,629865000.00,629865000.00",m/s
CI.EML..HN,32.89083,-116.84566000000001,161.0,"E,N,Z","214121.00,214224.00,213916.00",m/s**2
CI.ERR..HH,33.11652,-115.82273,-56.0,"E,N,Z","629865000.00,629865000.00,629865000.00",m/s
CI.ERR..HN,33.11652,-115.82273,-56.0,"E,N,Z","214429.00,214173.00,213573.00",m/s**2
CI.FDR..HH,35.64262,-118.93433,350.0,"E,N,Z","314573000.00,314573000.00,314573000.00",m/s
CI.FDR..HN,35.64262,-118.93433,350.0,"E,N,Z","213208.00,213465.00,213721.00",m/s**2
CI.FHO..HH,34.09355,-116.93588000000001,1614.0,"E,N,Z","629865000.00,629865000.00,629865000.00",m/s
CI.FHO..HN,34.09355,-116.93588000000001,1614.0,"E,N,Z","214121.00,214429.00,214601.00",m/s**2
CI.FIG..HH,34.728320000000004,-119.98803000000001,945.0,"E,N,Z","627369000.00,627369000.00,627369000.00",m/s
CI.FIG..HN,34.728320000000004,-119.98803000000001,945.0,"E,N,Z","214082.00,214185.00,214117.00",m/s**2
CI.FMO..HN,34.4092,-118.92121000000002,137.0,"E,N,Z","213755.00,213669.00,213926.00",m/s**2
CI.FMP..HH,33.71264,-118.29381000000001,89.0,"E,N,Z","629145000.00,629145000.00,629145000.00",m/s
CI.FMP..HN,33.71264,-118.29381000000001,89.0,"E,N,Z","213705.00,213876.00,214253.00",m/s**2
CI.FOX2..HH,34.7339,-118.24046000000001,719.7,"E,N,Z","626911000.00,626911000.00,626839000.00",m/s
CI.FOX2..HN,34.7339,-118.24046000000001,719.7,"E,N,Z","214099.00,213629.00,214142.00",m/s**2
CI.FRK..HH,33.40209,-115.63835,60.0,"E,N,Z","314573000.00,314573000.00,314573000.00",m/s
CI.FRK..HN,33.40209,-115.63835,60.0,"E,N,Z","213123.00,213679.00,213379.00",m/s**2
CI.FUR..HH,36.46719,-116.86322,-38.0,"E,N,Z","626628000.00,633339000.00,623273000.00",m/s
CI.FUR..HN,36.46703,-116.86322,-37.0,"E,N,Z","214219.00,213740.00,213671.00",m/s**2
CI.GATR..HH,34.552659999999996,-120.50235,590.0,"E,N,Z","620756000.00,622434000.00,622434000.00",m/s
CI.GATR..HN,34.552659999999996,-120.50235,590.0,"E,N,Z","213774.00,214219.00,213979.00",m/s**2
CI.GLA..HH,33.05149,-114.82706,610.0,"E,N,Z","3352260000.00,3333970000.00,4218460000.00",m/s
CI.GLA..HN,33.05149,-114.82706,610.0,"E,N,Z","214253.00,214355.00,214150.00",m/s**2
CI.GMA..HH,34.29148,-116.38256000000001,848.0,"E,N,Z","629145000.00,629145000.00,629145000.00",m/s
CI.GMA..HN,34.29148,-116.38256000000001,848.0,"E,N,Z","213842.00,213414.00,213372.00",m/s**2
CI.GMR..HH,34.78457,-115.65993999999999,1326.0,"E,N,Z","629865000.00,629865000.00,629865000.00",m/s
CI.GMR..HN,34.78457,-115.65993999999999,1326.0,"E,N,Z","214224.00,214292.00,214190.00",m/s**2
CI.GOR..HH,33.1537,-117.22921000000001,138.0,"E,N,Z","624238000.00,624238000.00,624238000.00",m/s
CI.GOR..HN,33.1537,-117.22921000000001,138.0,"E,N,Z","214185.00,214219.00,213843.00",m/s**2
CI.GR2..HH,34.118159999999996,-118.30023999999999,342.0,"E,N,Z","624237000.00,624237000.00,624237000.00",m/s
CI.GRA..HH,36.99608,-117.36621000000001,689.0,"E,N,Z","629145000.00,629145000.00,629145000.00",m/s
CI.GRA..HN,36.99608,-117.36621000000001,689.0,"E,N,Z","214287.00,213842.00,213876.00",m/s**2
CI.GSC..HH,35.30177,-116.80573999999999,1000.0,"E,N,Z","2759650000.00,3916930000.00,3853100000.00",m/s
CI.GSC..HN,35.30177,-116.80573999999999,1000.0,"E,N,Z","213984.00,214087.00,214395.00",m/s**2
CI.HAR..HH,35.0114,-117.29908999999999,620.0,"E,N,Z","629865000.00,629865000.00,629865000.00",m/s
CI.HAR..HN,35.0114,-117.29908999999999,620.0,"E,N,Z","213487.00,214001.00,214215.00",m/s**2
CI.HAY..HH,33.70734,-115.63888999999999,458.0,"E,N,Z","626910000.00,626910000.00,626838000.00",m/s
CI.HAY..HN,33.70734,-115.63888999999999,458.0,"E,N,Z","213757.00,214056.00,213415.00",m/s**2
CI.HDH..HH,34.775290000000005,-118.63999,964.6,"E,N,Z","633339000.00,630823000.00,629984000.00",m/s
CI.HDH..HN,34.775290000000005,-118.63999,964.6,"E,N,Z","213379.00,213508.00,213764.00",m/s**2
CI.HEC..HH,34.8294,-116.335,920.0,"E,N,Z","627368000.00,627368000.00,627368000.00",m/s
CI.HEC..HN,34.8294,-116.335,920.0,"E,N,Z","213911.00,213843.00,214322.00",m/s**2
CI.HIW..HH,35.03998,-115.38423,1276.9,"E,N,Z","314768000.00,314768000.00,314768000.00",m/s
CI.HIW..HN,35.03998,-115.38423,1276.9,"E,N,Z","213469.00,213598.00,213897.00",m/s**2
CI.HLL..HH,34.176429999999996,-118.35967,193.0,"E,N,Z","623273000.00,624951000.00,618240000.00",m/s
CI.HLL..HN,34.176429999999996,-118.35967,193.0,"E,N,Z","213945.00,214253.00,214253.00",m/s**2
CI.HMT2..HH,33.708115,-117.001524,593.0,"E,N,Z","629865000.00,629865000.00,629865000.00",m/s
CI.HMT2..HN,33.708115,-117.001524,593.0,"E,N,Z","214344.00,214173.00,214515.00",m/s**2
CI.HOL..HH,34.45831,-117.84539,1267.0,"E,N,Z","624237000.00,624237000.00,624237000.00",m/s
CI.HOL..HN,34.45831,-117.84539,1267.0,"E,N,Z","213244.00,213757.00,213586.00",m/s**2
CI.HYS..HH,34.865320000000004,-117.56975,833.0,"E,N,Z","624238000.00,624238000.00,624238000.00",m/s
CI.HYS..HN,34.865320000000004,-117.56975,833.0,"E,N,Z","214117.00,214185.00,214185.00",m/s**2
CI.IDO..HH,33.79678,-116.22152,469.0,"E,N,Z","627368000.00,627368000.00,627368000.00",m/s
CI.IDO..HN,33.79678,-116.22152,469.0,"E,N,Z","214356.00,213877.00,213774.00",m/s**2
CI.IKP..HH,32.65012,-116.10948,906.0,"E,N,Z","627369000.00,627369000.00,627369000.00",m/s
CI.IKP..HN,32.65012,-116.10948,906.0,"E,N,Z","214151.00,214253.00,214151.00",m/s**2
CI.IMP..HH,32.90147,-115.56071000000001,-27.0,"E,N,Z","629145000.00,629145000.00,629145000.00",m/s
CI.IMP..HN,32.90147,-115.56071000000001,-27.0,"E,N,Z","213671.00,213970.00,213543.00",m/s**2
CI.IRM..HH,34.157379999999996,-115.14513000000001,567.0,"E,N,Z","826277000.00,827955000.00,856476000.00",m/s
CI.IRM..HN,34.157379999999996,-115.14513000000001,567.0,"E,N,Z","213911.00,213808.00,213911.00",m/s**2
CI.ISA..HH,35.66278,-118.47403,873.0,"E,N,Z","3340980000.00,3368350000.00,5447580000.00",m/s
CI.ISA..HN,35.66278,-118.47403,873.0,"E,N,Z","214224.00,214532.00,214190.00",m/s**2
CI.JEM..HH,33.08098,-116.59755,1308.0,"E,N,Z","627369000.00,627369000.00,627369000.00",m/s
CI.JEM..HN,33.08098,-116.59755,1308.0,"E,N,Z","214082.00,214048.00,214082.00",m/s**2
CI.JNH2..HH,34.448941,-117.95541000000001,1305.0,"E,N,Z","624237000.00,624237000.00,624237000.00",m/s
CI.JNH2..HN,34.448941,-117.95541000000001,1305.0,"E,N,Z","213885.00,213971.00,213757.00",m/s**2
CI.JRC2..HH,35.982490000000006,-117.80885,1469.0,"E,N,Z","784866000.00,784866000.00,790478000.00",m/s
CI.JRC2..HN,35.982490000000006,-117.80885,1469.0,"E,N,Z","213808.00,213945.00,214185.00",m/s**2
CI.JTH..HH,34.12644,-116.03785,606.4,"E,N,Z","314768000.00,314768000.00,314768000.00",m/s
CI.JTH..HN,34.12644,-116.03785,606.4,"E,N,Z","213469.00,213598.00,213855.00",m/s**2
CI.JVA..HH,34.36622,-116.61266,904.0,"E,N,Z","627369000.00,627369000.00,627369000.00",m/s
CI.JVA..HN,34.36622,-116.61266,904.0,"E,N,Z","214185.00,214048.00,214356.00",m/s**2
CI.KYV..HH,33.92545,-116.1734,1498.2,"E,N,Z","624237000.00,624237000.00,624237000.00",m/s
CI.KYV..HN,33.92545,-116.1734,1498.2,"E,N,Z","213329.00,214056.00,214142.00",m/s**2
CI.LAF..HH,33.86889,-118.33143000000001,20.0,"E,N,Z","624237000.00,624237000.00,624237000.00",m/s
CI.LAF..HN,33.86889,-118.33143000000001,20.0,"E,N,Z","213945.00,213945.00,214356.00",m/s**2
CI.LCG..HH,34.00033,-118.37794,108.0,"E,N,Z","627368000.00,627368000.00,627368000.00",m/s
CI.LCG..HN,34.00033,-118.37794,108.0,"E,N,Z","213774.00,214048.00,214014.00",m/s**2
CI.LCP..HH,34.73551,-120.27996,199.0,"E,N,Z","627369000.00,627369000.00,627369000.00",m/s
CI.LCP..HN,34.73551,-120.27996,199.0,"E,N,Z","214117.00,213980.00,213911.00",m/s**2
CI.LDF..HH,35.13066,-115.18416,1239.0,"E,N,Z","629145000.00,629145000.00,629145000.00",m/s
CI.LDF..HN,35.13066,-115.18416,1239.0,"E,N,Z","213705.00,214219.00,214184.00",m/s**2
CI.LDR..HH,34.9906,-118.34156000000002,1121.0,"E,N,Z","629865000.00,629865000.00,629865000.00",m/s
CI.LDR..HN,34.9906,-118.34156000000002,1121.0,"E,N,Z","214498.00,214224.00,214566.00",m/s**2
CI.LFP..HH,34.30529,-118.48805,368.0,"E,N,Z","629145000.00,629145000.00,629145000.00",m/s
CI.LFP..HN,34.30529,-118.48805,368.0,"E,N,Z","214116.00,214150.00,214355.00",m/s**2
CI.LGB..HH,33.9753,-118.14918,42.0,"E,N,Z","627368000.00,627368000.00,627368000.00",m/s
CI.LGB..HN,33.9753,-118.14918,42.0,"E,N,Z","214116.00,213774.00,213774.00",m/s**2
CI.LJR..HH,34.80762,-118.86775,1443.0,"E,N,Z","627368000.00,627368000.00,627368000.00",m/s
CI.LJR..HN,34.80762,-118.86775,1443.0,"E,N,Z","213979.00,214014.00,214253.00",m/s**2
CI.LKH..HH,33.23598,-116.75876000000001,847.0,"E,N,Z","626910000.00,626910000.00,626838000.00",m/s
CI.LKH..HN,33.23598,-116.75876000000001,847.0,"E,N,Z","214185.00,213971.00,214056.00",m/s**2
CI.LLS..HH,33.684470000000005,-117.94304,8.0,"E,N,Z","629145000.00,629145000.00,629145000.00",m/s
CI.LLS..HN,33.684470000000005,-117.94304,8.0,"E,N,Z","214150.00,214013.00,214013.00",m/s**2
CI.LMH..HH,33.74418,-117.39135,496.0,"E,N,Z","629145000.00,629145000.00,629145000.00",m/s
CI.LMH..HN,33.74418,-117.39135,496.0,"E,N,Z","213508.00,213764.00,213935.00",m/s**2
CI.LMR2..HH,34.93439,-117.69628999999999,964.0,"E,N,Z","627368000.00,627368000.00,627368000.00",m/s
CI.LMR2..HN,34.93439,-117.69628999999999,964.0,"E,N,Z","214048.00,213877.00,214014.00",m/s**2
CI.LMS..HH,33.817440000000005,-117.445,443.0,"E,N,Z","629145000.00,629145000.00,629145000.00",m/s
CI.LMS..HN,33.817440000000005,-117.445,443.0,"E,N,Z","214142.00,213714.00,213928.00",m/s**2
CI.LMY..HH,34.733165,-119.10391000000001,1575.0,"E,N,Z","624238000.00,624238000.00,624238000.00",m/s
CI.LMY..HN,34.733165,-119.10391000000001,1575.0,"E,N,Z","214099.00,214099.00,214185.00",m/s**2
CI.LOC..HH,34.690735,-120.446901,95.0,"E,N,Z","626910000.00,626910000.00,626838000.00",m/s
CI.LOC..HN,34.690735,-120.446901,95.0,"E,N,Z","213843.00,213586.00,214270.00",m/s**2
CI.LPC..HH,34.31478,-117.54642,1351.0,"E,N,Z","624237000.00,624237000.00,624237000.00",m/s
CI.LPC..HN,34.31478,-117.54642,1351.0,"E,N,Z","213808.00,213774.00,213843.00",m/s**2
CI.LRL..HH,35.47954,-117.68212,1340.0,"E,N,Z","628306000.00,629984000.00,627467000.00",m/s
CI.LRL..HN,35.47954,-117.68212,1340.0,"E,N,Z","213757.00,213671.00,213201.00",m/s**2
CI.LRR2..HH,34.52706,-118.02998000000001,906.0,"E,N,Z","624237000.00,624237000.00,624237000.00",m/s
CI.LRR2..HN,34.52706,-118.02998000000001,906.0,"E,N,Z","213800.00,213971.00,214313.00",m/s**2
CI.LTP..HH,33.8811,-118.17568,20.0,"E,N,Z","627369000.00,627369000.00,627369000.00",m/s
CI.LTP..HN,33.8811,-118.17568,20.0,"E,N,Z","214082.00,213809.00,214219.00",m/s**2
CI.LUC2..HH,34.456379999999996,-116.96423,886.0,"E,N,Z","624237000.00,624237000.00,624237000.00",m/s
CI.LUC2..HN,34.456379999999996,-116.96423,886.0,"E,N,Z","213911.00,213843.00,214185.00",m/s**2
CI.LUG..HH,34.3656,-117.36683000000001,1140.0,"E,N,Z","624237000.00,624237000.00,624237000.00",m/s
CI.LUG..HN,34.3656,-117.36683000000001,1140.0,"E,N,Z","214322.00,213877.00,214150.00",m/s**2
CI.LUS..HH,33.01375,-117.16305,120.7,"E,N,Z","314768000.00,314768000.00,314768000.00",m/s
CI.LUS..HN,33.01375,-117.16305,120.7,"E,N,Z","214026.00,213384.00,213812.00",m/s**2
CI.LVO..HH,34.555797999999996,-119.88387,275.6,"E,N,Z","314573000.00,314573000.00,314573000.00",m/s
CI.LVO..HN,34.555797999999996,-119.88387,275.6,"E,N,Z","213251.00,213508.00,213636.00",m/s**2
CI.LYP..HH,32.70333,-116.7548,886.4,"E,N,Z","314573000.00,314573000.00,314573000.00",m/s
CI.LYP..HN,32.70333,-116.7548,886.4,"E,N,Z","213508.00,213679.00,213764.00",m/s**2
CI.MCT..HH,34.22645,-116.04073000000001,661.0,"E,N,Z","627368000.00,627368000.00,627368000.00",m/s
CI.MCT..HN,34.22645,-116.04073000000001,661.0,"E,N,Z","213808.00,213877.00,214185.00",m/s**2
CI.MGE..HH,33.81841,-116.36873999999999,68.0,"E,N,Z","624238000.00,624238000.00,624238000.00",m/s
CI.MGE..HN,33.81841,-116.36873999999999,68.0,"E,N,Z","213843.00,214322.00,214151.00",m/s**2
CI.MIK..HN,34.13688,-118.12601000000001,275.0,"E,N,Z","428449.00,428281.00,427694.00",m/s**2
CI.MIKB..HN,34.13688,-118.12601000000001,231.0,"E,N,Z","427685.00,427685.00,427685.00",m/s**2
CI.MLAC..HH,37.63019,-118.83605,2162.0,"E,N,Z","624951000.00,628306000.00,624951000.00",m/s
CI.MLAC..HN,37.63019,-118.83605,2162.0,"E,N,Z","213671.00,213637.00,213808.00",m/s**2
CI.MLS..HH,34.0046,-117.56161999999999,230.0,"E,N,Z","629145000.00,629145000.00,629145000.00",m/s
CI.MLS..HN,34.0046,-117.56161999999999,230.0,"E,N,Z","213774.00,213774.00,213911.00",m/s**2
CI.MOP..HH,34.28096,-118.90468999999999,141.0,"E,N,Z","629145000.00,629145000.00,629145000.00",m/s
CI.MOP..HN,34.28096,-118.90468999999999,141.0,"E,N,Z","214082.00,214219.00,214253.00",m/s**2
CI.MPI..HH,34.81258,-119.1453,2673.0,"E,N,Z","629865000.00,629865000.00,629865000.00",m/s
CI.MPI..HN,34.81258,-119.1453,2673.0,"E,N,Z","214155.00,214327.00,214327.00",m/s**2
CI.MPM..HH,36.057990000000004,-117.48901000000001,1839.0,"E,N,Z","627368000.00,627368000.00,627368000.00",m/s
CI.MPM..HN,36.057990000000004,-117.48901000000001,1839.0,"E,N,Z","213911.00,214219.00,213911.00",m/s**2
CI.MPP..HH,34.88848,-119.81362,1739.0,"E,N,Z","629865000.00,629865000.00,629865000.00",m/s
CI.MPP..HN,34.88848,-119.81362,1739.0,"E,N,Z","213847.00,214190.00,214566.00",m/s**2
CI.MSC..HH,34.03852,-116.64795,938.0,"E,N,Z","629865000.00,629865000.00,629865000.00",m/s
CI.MSC..HN,34.03852,-116.64795,938.0,"E,N,Z","214121.00,214498.00,214566.00",m/s**2
CI.MSJ..HH,33.808009999999996,-116.96789,466.0,"E,N,Z","826383000.00,826383000.00,827223000.00",m/s
CI.MSJ..HN,33.808009999999996,-116.96789,466.0,"E,N,Z","214121.00,214464.00,214292.00",m/s**2
CI.MTG..HH,33.19915,-116.64726999999999,1092.0,"E,N,Z","624237000.00,624237000.00,624237000.00",m/s
CI.MTG..HN,33.19915,-116.64726999999999,1092.0,"E,N,Z","213885.00,213543.00,214356.00",m/s**2
CI.MTP..HH,35.48434,-115.5532,1588.0,"E,N,Z","627368000.00,627368000.00,627368000.00",m/s
CI.MTP..HN,35.48434,-115.5532,1588.0,"E,N,Z","213911.00,214150.00,213911.00",m/s**2
CI.MUR..HH,33.599990000000005,-117.19543,562.0,"E,N,Z","624238000.00,624238000.00,624238000.00",m/s
CI.MUR..HN,33.599990000000005,-117.19543,562.0,"E,N,Z","214185.00,214322.00,214185.00",m/s**2
CI.MWC..HH,34.223620000000004,-118.05832,1725.0,"E,N,Z","624237000.00,624237000.00,624237000.00",m/s
CI.MWC..HN,34.223620000000004,-118.05832,1725.0,"E,N,Z","213979.00,213979.00,214014.00",m/s**2
CI.NBS..HH,34.78035,-116.55798,590.0,"E,N,Z","629866000.00,629866000.00,628193000.00",m/s
CI.NBS..HN,34.78035,-116.55798,590.0,"E,N,Z","214116.00,213774.00,214048.00",m/s**2
CI.NCH..HH,34.9427,-119.67395,665.0,"E,N,Z","314573000.00,314573000.00,314573000.00",m/s
CI.NCH..HN,34.9427,-119.67395,665.0,"E,N,Z","213550.00,213550.00,214235.00",m/s**2
CI.NEE2..HH,34.767590000000006,-114.61881000000001,271.0,"E,N,Z","629865000.00,629865000.00,629865000.00",m/s
CI.NEE2..HN,34.767590000000006,-114.61881000000001,271.0,"E,N,Z","213881.00,214532.00,214224.00",m/s**2
CI.NJQ..HH,34.53412,-120.17737,219.0,"E,N,Z","629145000.00,629145000.00,629145000.00",m/s
CI.NJQ..HN,34.53412,-120.17737,219.0,"E,N,Z","213842.00,214013.00,214150.00",m/s**2
CI.NSS2..HH,33.55553,-115.94586000000001,17.0,"E,N,Z","624238000.00,624238000.00,624238000.00",m/s
CI.NSS2..HN,33.55553,-115.94586000000001,17.0,"E,N,Z","214185.00,214288.00,214288.00",m/s**2
CI.OAT..HH,34.34361,-118.61442,1089.0,"E,N,Z","624238000.00,624238000.00,624238000.00",m/s
CI.OAT..HN,34.34361,-118.61442,1089.0,"E,N,Z","213629.00,213629.00,214014.00",m/s**2
CI.OLI..HH,33.94539,-117.92371999999999,162.0,"E,N,Z","624237000.00,624237000.00,624237000.00",m/s
CI.OLI..HN,33.94539,-117.92371999999999,162.0,"E,N,Z","214185.00,214322.00,213945.00",m/s**2
CI.OLP..HH,32.60771,-116.93019,159.0,"E,N,Z","627369000.00,627369000.00,627369000.00",m/s
CI.OLP..HN,32.60771,-116.93019,159.0,"E,N,Z","213706.00,214288.00,214048.00",m/s**2
CI.OSI..HH,34.6145,-118.7235,718.0,"E,N,Z","3811160000.00,3836250000.00,4245590000.00",m/s
CI.OSI..HN,34.6145,-118.7235,718.0,"E,N,Z","213877.00,213945.00,213706.00",m/s**2
CI.PALA..HH,33.38905,-117.03182,552.0,"E,N,Z","624238000.00,624238000.00,624238000.00",m/s
CI.PALA..HN,33.38905,-117.03182,552.0,"E,N,Z","213629.00,213800.00,214399.00",m/s**2
CI.PDE..HH,34.441990000000004,-118.58215,328.0,"E,N,Z","627368000.00,627368000.00,627368000.00",m/s
CI.PDE..HN,34.441990000000004,-118.58215,328.0,"E,N,Z","214356.00,214014.00,214322.00",m/s**2
CI.PDM..HH,34.30336,-114.14152,144.0,"E,N,Z","629145000.00,629145000.00,629145000.00",m/s
CI.PDM..HN,34.30336,-114.14152,144.0,"E,N,Z","214184.00,214013.00,213842.00",m/s**2
CI.PDR..HH,33.96273,-118.43701999999999,45.0,"E,N,Z","627368000.00,627368000.00,627368000.00",m/s
CI.PDR..HN,33.96273,-118.43701999999999,45.0,"E,N,Z","214219.00,214185.00,214322.00",m/s**2
CI.PDU..HH,34.1207,-117.63808,445.0,"E,N,Z","627368000.00,627368000.00,627368000.00",m/s
CI.PDU..HN,34.1207,-117.63808,445.0,"E,N,Z","214356.00,213843.00,213706.00",m/s**2
CI.PER..HH,33.86164,-117.20528999999999,468.0,"E,N,Z","622307000.00,624826000.00,624826000.00",m/s
CI.PER..HN,33.86164,-117.20528999999999,468.0,"E,N,Z","214121.00,213847.00,214224.00",m/s**2
CI.PGA..HN,33.4914,-117.0635,351.5,"E,N,Z","213926.00,214140.00,214610.00",m/s**2
CI.PHL..HH,35.40773,-120.54556000000001,355.0,"E,N,Z","3490310000.00,3800010000.00,4251990000.00",m/s
CI.PHL..HN,35.40773,-120.54556000000001,355.0,"E,N,Z","213740.00,214253.00,213740.00",m/s**2
CI.PLM..HH,33.353609999999996,-116.86265,1691.0,"E,N,Z","624237000.00,624237000.00,624237000.00",m/s
CI.PLM..HN,33.353609999999996,-116.86265,1691.0,"E,N,Z","213808.00,214048.00,213979.00",m/s**2
CI.PLS..HH,33.7953,-117.60906000000001,1199.0,"E,N,Z","624237000.00,624237000.00,624237000.00",m/s
CI.PLS..HN,33.7953,-117.60906000000001,1199.0,"E,N,Z","213774.00,213979.00,214185.00",m/s**2
CI.PMD..HH,33.64785,-116.37768999999999,296.0,"E,N,Z","629865000.00,629865000.00,629865000.00",m/s
CI.PMD..HN,33.64785,-116.37768999999999,296.0,"E,N,Z","214292.00,214532.00,214258.00",m/s**2
CI.POB2..HH,33.68708,-116.92381999999999,999.0,"E,N,Z","629145000.00,629145000.00,629145000.00",m/s
CI.POB2..HN,33.68708,-116.92381999999999,999.0,"E,N,Z","213543.00,213714.00,213628.00",m/s**2
CI.POR..HH,36.10368,-119.00343000000001,198.0,"E,N,Z","314768000.00,314768000.00,314768000.00",m/s
CI.POR..HN,36.10368,-119.00343000000001,198.0,"E,N,Z","213512.00,213812.00,213897.00",m/s**2
CI.PSD..HH,33.82393,-116.55026000000001,144.0,"E,N,Z","624237000.00,624237000.00,624237000.00",m/s
CI.PSD..HN,33.82393,-116.55026000000001,144.0,"E,N,Z","214014.00,214116.00,214322.00",m/s**2
CI.PSR..HH,34.091809999999995,-117.80708999999999,305.0,"E,N,Z","629145000.00,629145000.00,629145000.00",m/s
CI.PSR..HN,34.091809999999995,-117.80708999999999,305.0,"E,N,Z","214013.00,214321.00,214287.00",m/s**2
CI.PTD..HN,34.00443,-118.80686000000001,7.0,"E,N,Z","212942.00,213241.00,213455.00",m/s**2
CI.QLC..HH,35.04084,-119.97425,556.9,"E,N,Z","314768000.00,314768000.00,314768000.00",m/s
CI.QLC..HN,35.04084,-119.97425,556.9,"E,N,Z","213726.00,213641.00,214111.00",m/s**2
CI.RAG..HH,34.68289,-116.15138999999999,722.0,"E,N,Z","624238000.00,624238000.00,624238000.00",m/s
CI.RAG..HN,34.68289,-116.15138999999999,722.0,"E,N,Z","213586.00,213287.00,213714.00",m/s**2
CI.RFR..HH,35.113583,-120.097209,386.3,"E,N,Z","314573000.00,314573000.00,314573000.00",m/s
CI.RFR..HN,35.113583,-120.097209,386.3,"E,N,Z","213593.00,213636.00,214449.00",m/s**2
CI.RHC2..HH,34.00095,-118.01333000000001,362.0,"E,N,Z","626911000.00,626911000.00,626839000.00",m/s
CI.RHC2..HN,34.00095,-118.01333000000001,362.0,"E,N,Z","213971.00,213586.00,213672.00",m/s**2
CI.RHR..HH,33.290213,-117.17648200000001,173.0,"E,N,Z","314573000.00,314573000.00,314573000.00",m/s
CI.RHR..HN,33.290213,-117.17648200000001,173.0,"E,N,Z","213593.00,213508.00,213807.00",m/s**2
CI.RIN..HH,34.28196,-118.47925,304.0,"E,N,Z","843558000.00,840622000.00,848171000.00",m/s
CI.RIN..HN,34.28196,-118.47925,304.0,"E,N,Z","214219.00,214287.00,214116.00",m/s**2
CI.RIO..HH,34.104729999999996,-117.97956,118.0,"E,N,Z","624237000.00,624237000.00,624237000.00",m/s
CI.RIO..HN,34.104729999999996,-117.97956,118.0,"E,N,Z","214253.00,214116.00,214048.00",m/s**2
CI.RKMO..HH,33.674209999999995,-117.60947,408.0,"E,N,Z","624238000.00,624238000.00,624238000.00",m/s
CI.RKMO..HN,33.674209999999995,-117.60947,408.0,"E,N,Z","213586.00,213843.00,213629.00",m/s**2
CI.RPV..HH,33.74346,-118.40411999999999,107.0,"E,N,Z","629865000.00,629865000.00,629865000.00",m/s
CI.RPV..HN,33.74346,-118.40411999999999,107.0,"E,N,Z","214190.00,214566.00,214532.00",m/s**2
CI.RRX..HH,34.87533,-116.99683999999999,676.2,"E,N,Z","624237000.00,624237000.00,624237000.00",m/s
CI.RRX..HN,34.87533,-116.99683999999999,676.2,"E,N,Z","214185.00,214082.00,213911.00",m/s**2
CI.RSI..HH,34.85191,-120.20868,181.3,"E,N,Z","314573000.00,314573000.00,314573000.00",m/s
CI.RSI..HN,34.85191,-120.20868,181.3,"E,N,Z","214116.00,213979.00,214321.00",m/s**2
CI.RSS..HH,33.97327,-117.32673999999999,298.0,"E,N,Z","843666000.00,844252000.00,846259000.00",m/s
CI.RSS..HN,33.97327,-117.32673999999999,298.0,"E,N,Z","214253.00,214356.00,214356.00",m/s**2
CI.RUN..HH,32.97222,-114.97809,116.0,"E,N,Z","629145000.00,629145000.00,629145000.00",m/s
CI.RUN..HN,32.97222,-114.97809,116.0,"E,N,Z","213158.00,213329.00,213158.00",m/s**2
CI.RUS..HH,34.05075,-118.08078,70.0,"E,N,Z","823864000.00,827223000.00,828063000.00",m/s
CI.RUS..HN,34.05075,-118.08078,70.0,"E,N,Z","214429.00,214155.00,214224.00",m/s**2
CI.RVR..HH,33.99351,-117.37545,266.0,"E,N,Z","627368000.00,627368000.00,627368000.00",m/s
CI.RVR..HN,33.99351,-117.37545,266.0,"E,N,Z","214082.00,213877.00,214150.00",m/s**2
CI.RXH..HH,33.18313,-115.62257,-59.0,"E,N,Z","626628000.00,624951000.00,620756000.00",m/s
CI.RXH..HN,33.18313,-115.62257,-59.0,"E,N,Z","213705.00,214287.00,214013.00",m/s**2
CI.SBB2..HH,34.68844,-117.82423999999999,825.0,"E,N,Z","629865000.00,629865000.00,629865000.00",m/s
CI.SBB2..HN,34.68844,-117.82423999999999,825.0,"E,N,Z","214566.00,213916.00,213950.00",m/s**2
CI.SBC..HH,34.44076,-119.71491999999999,94.0,"E,N,Z","629145000.00,629145000.00,629145000.00",m/s
CI.SBC..HN,34.44076,-119.71491999999999,94.0,"E,N,Z","214150.00,214013.00,214013.00",m/s**2
CI.SBI..HH,33.48046,-119.02986000000001,41.0,"E,N,Z","826277000.00,831310000.00,822083000.00",m/s
CI.SBI..HN,33.48046,-119.02986000000001,41.0,"E,N,Z","213979.00,213774.00,214150.00",m/s**2
CI.SBPX..HH,34.2324,-117.23483999999999,1860.0,"E,N,Z","630823000.00,630823000.00,626628000.00",m/s
CI.SBPX..HN,34.2324,-117.23483999999999,1860.0,"E,N,Z","214253.00,214184.00,214184.00",m/s**2
CI.SCI2..HH,32.9799,-118.54697,199.0,"E,N,Z","629865000.00,629865000.00,629865000.00",m/s
CI.SCI2..HN,32.9799,-118.54697,199.0,"E,N,Z","214224.00,214429.00,214498.00",m/s**2
CI.SCZ2..HH,33.99543,-119.6351,440.0,"E,N,Z","788874000.00,784866000.00,789676000.00",m/s
CI.SCZ2..HN,33.99543,-119.6351,440.0,"E,N,Z","214356.00,214356.00,214116.00",m/s**2
CI.SDD..HH,33.55259,-117.66171000000001,120.0,"E,N,Z","630702000.00,630702000.00,626520000.00",m/s
CI.SDD..HN,33.55259,-117.66171000000001,120.0,"E,N,Z","214185.00,213740.00,214048.00",m/s**2
CI.SDG..HH,32.784,-117.13805,101.0,"E,N,Z","820504000.00,822184000.00,832262000.00",m/s
CI.SDG..HN,32.784,-117.13805,101.0,"E,N,Z","214190.00,213984.00,214087.00",m/s**2
CI.SDR..HH,32.73561,-116.94241000000001,113.0,"E,N,Z","629145000.00,629145000.00,629145000.00",m/s
CI.SDR..HN,32.73561,-116.94241000000001,113.0,"E,N,Z","214355.00,213911.00,213979.00",m/s**2
CI.SES..HH,34.43692,-119.1375,480.0,"E,N,Z","629865000.00,629865000.00,629865000.00",m/s
CI.SES..HN,34.43692,-119.1375,480.0,"E,N,Z","214121.00,214601.00,213950.00",m/s**2
CI.SGL..HH,32.64933,-115.72638,75.0,"E,N,Z","629145000.00,629145000.00,629145000.00",m/s
CI.SGL..HN,32.64933,-115.72638,75.0,"E,N,Z","214056.00,213757.00,214013.00",m/s**2
CI.SHO..HH,35.8996,-116.27515,451.0,"E,N,Z","629145000.00,629145000.00,629145000.00",m/s
CI.SHO..HN,35.89953,-116.2753,451.0,"E,N,Z","214219.00,214355.00,214013.00",m/s**2
CI.SLA..HH,35.89095,-117.28331999999999,1174.0,"E,N,Z","622338000.00,618992000.00,616482000.00",m/s
CI.SLA..HN,35.89095,-117.28331999999999,1174.0,"E,N,Z","214253.00,213671.00,213979.00",m/s**2
CI.SLB..HH,33.48519,-115.86643000000001,0.0,"E,N,Z","629145000.00,629145000.00,629145000.00",m/s
CI.SLB..HN,33.48519,-115.86643000000001,0.0,"E,N,Z","214116.00,214287.00,213945.00",m/s**2
CI.SLH..HH,33.19269,-116.25398999999999,208.0,"E,N,Z","626910000.00,626910000.00,626838000.00",m/s
CI.SLH..HN,33.19269,-116.25398999999999,208.0,"E,N,Z","213629.00,213629.00,213201.00",m/s**2
CI.SLR..HH,33.83359,-116.79737,1567.0,"E,N,Z","431824000.00,431824000.00,489800000.00",m/s
CI.SLR..HN,33.83359,-116.79737,1567.0,"E,N,Z","214270.00,213928.00,213415.00",m/s**2
CI.SMF2..HH,34.022009999999995,-118.44627,52.2,"E,N,Z","629145000.00,629145000.00,629145000.00",m/s
CI.SMF2..HN,34.022009999999995,-118.44627,52.2,"E,N,Z","214150.00,214253.00,213945.00",m/s**2
CI.SMI..HH,34.03818,-120.35132,165.0,"E,N,Z","824599000.00,824599000.00,824599000.00",m/s
CI.SMI..HN,34.03818,-120.35132,165.0,"E,N,Z","214013.00,213705.00,213671.00",m/s**2
CI.SMM..HH,35.3142,-119.99581,599.0,"E,N,Z","627369000.00,627369000.00,627369000.00",m/s
CI.SMM..HN,35.3142,-119.99581,599.0,"E,N,Z","213740.00,214117.00,214253.00",m/s**2
CI.SMR..HH,35.37699,-120.61247,341.0,"E,N,Z","629145000.00,629145000.00,629145000.00",m/s
CI.SMR..HN,35.37699,-120.61247,341.0,"E,N,Z","213705.00,213876.00,213876.00",m/s**2
CI.SMW..HH,35.01108,-120.40997,169.0,"E,N,Z","627369000.00,627369000.00,627369000.00",m/s
CI.SMW..HN,35.01108,-120.40997,169.0,"E,N,Z","214185.00,213945.00,214048.00",m/s**2
CI.SNCC..HH,33.24787,-119.52436999999999,275.0,"E,N,Z","629145000.00,629145000.00,629145000.00",m/s
CI.SNCC..HN,33.24787,-119.52436999999999,275.0,"E,N,Z","214321.00,213945.00,214287.00",m/s**2
CI.SNO..HH,34.03515,-116.80778000000001,2339.0,"E,N,Z","488870000.00,488870000.00,488870000.00",m/s
CI.SNO..HN,34.03515,-116.80778000000001,2339.0,"E,N,Z","214253.00,214287.00,214116.00",m/s**2
CI.SNR..HH,32.86189,-115.43596000000001,-63.0,"E,N,Z","624237000.00,624237000.00,624237000.00",m/s
CI.SNR..HN,32.86189,-115.43596000000001,-63.0,"E,N,Z","214185.00,213911.00,213877.00",m/s**2
CI.SOC..HH,33.387609999999995,-117.58013000000001,52.0,"E,N,Z","314768000.00,314768000.00,314768000.00",m/s
CI.SOC..HN,33.387609999999995,-117.58013000000001,52.0,"E,N,Z","213769.00,213812.00,214325.00",m/s**2
CI.SPF..HH,34.059329999999996,-118.64613999999999,470.0,"E,N,Z","629865000.00,629865000.00,629865000.00",m/s
CI.SPF..HN,34.059329999999996,-118.64613999999999,470.0,"E,N,Z","214498.00,214395.00,214258.00",m/s**2
CI.SPG2..HH,36.20057,-118.76624,627.0,"E,N,Z","629145000.00,629145000.00,629145000.00",m/s
CI.SPG2..HN,36.20057,-118.76624,627.0,"E,N,Z","213637.00,213671.00,214150.00",m/s**2
CI.SRA..HH,34.60601,-115.94986999999999,338.6,"E,N,Z","314573000.00,314573000.00,314573000.00",m/s
CI.SRA..HN,34.60601,-115.94986999999999,338.6,"E,N,Z","213550.00,213636.00,213764.00",m/s**2
CI.SRI..HH,33.97875,-120.07886,392.0,"E,N,Z","825438000.00,814533000.00,826277000.00",m/s
CI.SRI..HN,33.97875,-120.07886,392.0,"E,N,Z","213774.00,213911.00,213808.00",m/s**2
CI.SRN..HH,33.828540000000004,-117.78938000000001,208.0,"E,N,Z","824599000.00,829633000.00,827116000.00",m/s
CI.SRN..HN,33.828540000000004,-117.78938000000001,208.0,"E,N,Z","213705.00,214013.00,214355.00",m/s**2
CI.SRT..HH,35.69235,-117.75051,667.0,"E,N,Z","629145000.00,629145000.00,629145000.00",m/s
CI.SRT..HN,35.69235,-117.75051,667.0,"E,N,Z","214056.00,213628.00,213842.00",m/s**2
CI.STC..HH,34.303020000000004,-119.18676,180.0,"E,N,Z","629145000.00,629145000.00,629145000.00",m/s
CI.STC..HN,34.303020000000004,-119.18676,180.0,"E,N,Z","213637.00,213637.00,213740.00",m/s**2
CI.STG..HH,33.664,-117.76856000000001,49.0,"E,N,Z","629145000.00,629145000.00,629145000.00",m/s
CI.STG..HN,33.664,-117.76856000000001,49.0,"E,N,Z","214013.00,213911.00,214355.00",m/s**2
CI.STS..HH,33.79033,-118.19878,4.0,"E,N,Z","835469000.00,834298000.00,831538000.00",m/s
CI.STS..HN,33.79033,-118.19878,4.0,"E,N,Z","213740.00,214048.00,214048.00",m/s**2
CI.SVD..HH,34.10647,-117.09822,605.0,"E,N,Z","624238000.00,624238000.00,624238000.00",m/s
CI.SVD..HN,34.10647,-117.09822,605.0,"E,N,Z","214219.00,214185.00,214356.00",m/s**2
CI.SWP..HH,32.79184,-116.09718000000001,265.0,"E,N,Z","314573000.00,314573000.00,314573000.00",m/s
CI.SWP..HN,32.79184,-116.09718000000001,265.0,"E,N,Z","213550.00,213508.00,213807.00",m/s**2
CI.SWS..HH,32.94508,-115.79988,140.0,"E,N,Z","631622000.00,628946000.00,634048000.00",m/s
CI.SWS..HN,32.94508,-115.79988,140.0,"E,N,Z","214150.00,213945.00,214219.00",m/s**2
CI.SYN..HH,34.60723,-120.0696,201.0,"E,N,Z","626910000.00,626910000.00,626838000.00",m/s
CI.SYN..HN,34.60723,-120.0696,201.0,"E,N,Z","213885.00,213800.00,214185.00",m/s**2
CI.SYP..HH,34.52775,-119.97833999999999,1278.0,"E,N,Z","629865000.00,630701000.00,626519000.00",m/s
CI.SYP..HN,34.52775,-119.97833999999999,1278.0,"E,N,Z","214322.00,214185.00,214356.00",m/s**2
CI.TA2..HH,34.38203,-117.67822,2249.0,"E,N,Z","629145000.00,629145000.00,629145000.00",m/s
CI.TA2..HN,34.38203,-117.67822,2249.0,"E,N,Z","214355.00,214013.00,213842.00",m/s**2
CI.TEH..HH,35.2913,-118.42079,846.0,"E,N,Z","624238000.00,624238000.00,624238000.00",m/s
CI.TEH..HN,35.2913,-118.42079,846.0,"E,N,Z","213945.00,214048.00,214322.00",m/s**2
CI.TFT..HH,35.145920000000004,-119.41946000000002,233.0,"E,N,Z","788874000.00,785668000.00,787271000.00",m/s
CI.TFT..HN,35.145920000000004,-119.41946000000002,233.0,"E,N,Z","214219.00,214219.00,214287.00",m/s**2
CI.THM..HH,33.650659999999995,-116.07733999999999,60.0,"E,N,Z","631662000.00,629984000.00,628306000.00",m/s
CI.THM..HN,33.650659999999995,-116.07733999999999,60.0,"E,N,Z","213671.00,213671.00,213928.00",m/s**2
CI.TIN..HH,37.05422,-118.23008999999999,1197.0,"E,N,Z","629145000.00,629145000.00,629145000.00",m/s
CI.TIN..HN,37.05422,-118.23008999999999,1197.0,"E,N,Z","214184.00,213705.00,213671.00",m/s**2
CI.TOR..HH,33.57526,-116.22583999999999,4.0,"E,N,Z","624238000.00,624238000.00,624238000.00",m/s
CI.TOR..HN,33.57526,-116.22583999999999,4.0,"E,N,Z","213886.00,213714.00,214228.00",m/s**2
CI.TOW2..HH,35.80856,-117.76488,685.0,"E,N,Z","626910000.00,626910000.00,626838000.00",m/s
CI.TOW2..HN,35.80856,-117.76488,685.0,"E,N,Z","213800.00,214142.00,214356.00",m/s**2
CI.TPO..HH,34.87883,-118.22863999999998,769.0,"E,N,Z","629145000.00,629145000.00,629145000.00",m/s
CI.TPO..HN,34.87883,-118.22863999999998,769.0,"E,N,Z","213628.00,213799.00,213543.00",m/s**2
CI.TUQ..HH,35.43584,-115.92388999999999,1350.0,"E,N,Z","624237000.00,624237000.00,624237000.00",m/s
CI.TUQ..HN,35.43584,-115.92388999999999,1350.0,"E,N,Z","213911.00,213843.00,213945.00",m/s**2
CI.USC..HH,34.01919,-118.28631000000001,58.0,"E,N,Z","629145000.00,629145000.00,629145000.00",m/s
CI.USC..HN,34.01919,-118.28631000000001,58.0,"E,N,Z","214082.00,214219.00,214219.00",m/s**2
CI.VCS..HH,34.48372,-118.11781,992.0,"E,N,Z","629145000.00,629145000.00,629145000.00",m/s
CI.VCS..HN,34.48372,-118.11781,992.0,"E,N,Z","214321.00,214184.00,214287.00",m/s**2
CI.VDJ..HH,34.189859999999996,-114.57145,284.6,"E,N,Z","314573000.00,314573000.00,314573000.00",m/s
CI.VDJ..HN,34.189859999999996,-114.57145,284.6,"E,N,Z","213550.00,213379.00,213593.00",m/s**2
CI.VES..HH,35.84089,-119.08469,154.0,"E,N,Z","629145000.00,629145000.00,629145000.00",m/s
CI.VES..HN,35.84089,-119.08469,154.0,"E,N,Z","213637.00,214253.00,214150.00",m/s**2
CI.VOG..HH,36.32098,-119.38226,90.0,"E,N,Z","624237000.00,624237000.00,624237000.00",m/s
CI.VOG..HN,36.32098,-119.38226,90.0,"E,N,Z","213877.00,213843.00,214048.00",m/s**2
CI.VTV..HH,34.56065,-117.3296,843.0,"E,N,Z","624009000.00,625682000.00,621500000.00",m/s
CI.VTV..HN,34.56065,-117.3296,843.0,"E,N,Z","213843.00,213911.00,214014.00",m/s**2
CI.WAS2..HH,35.7377,-118.55743000000001,1828.0,"E,N,Z","624237000.00,624237000.00,624237000.00",m/s
CI.WAS2..HN,35.7377,-118.55743000000001,1828.0,"E,N,Z","213971.00,213928.00,214099.00",m/s**2
CI.WBM..HH,35.60839,-117.89048999999999,892.0,"E,N,Z","314573000.00,314573000.00,314573000.00",m/s
CI.WBM..HN,35.60839,-117.89048999999999,892.0,"E,N,Z","213550.00,214064.00,213550.00",m/s**2
CI.WBS..HH,35.536640000000006,-118.14035,1927.0,"E,N,Z","631538000.00,629865000.00,628192000.00",m/s
CI.WBS..HN,35.536640000000006,-118.14035,1927.0,"E,N,Z","214048.00,213911.00,214185.00",m/s**2
CI.WCS2..HH,36.025209999999994,-117.76526000000001,1143.0,"E,N,Z","626910000.00,626910000.00,626838000.00",m/s
CI.WCS2..HN,36.025209999999994,-117.76526000000001,1143.0,"E,N,Z","213757.00,213329.00,213415.00",m/s**2
CI.WGR..HH,34.51085,-119.27407,554.0,"E,N,Z","627368000.00,627368000.00,627368000.00",m/s
CI.WGR..HN,34.51085,-119.27407,554.0,"E,N,Z","214253.00,214322.00,213843.00",m/s**2
CI.WHF..HH,35.69513,-118.35183,859.0,"E,N,Z","629145000.00,629145000.00,629145000.00",m/s
CI.WHF..HN,35.69513,-118.35183,859.0,"E,N,Z","212687.00,213201.00,213628.00",m/s**2
CI.WLH2..HH,36.152072,-118.31318600000002,2672.0,"E,N,Z","624237000.00,624237000.00,624237000.00",m/s
CI.WLH2..HN,36.152072,-118.31318600000002,2672.0,"E,N,Z","213671.00,213757.00,212944.00",m/s**2
CI.WLS2..HN,34.578987,-117.71938600000001,889.0,"E,N,Z","213541.00,213883.00,213755.00",m/s**2
CI.WLT..HH,34.009479999999996,-117.95076999999999,107.0,"E,N,Z","629865000.00,629865000.00,629865000.00",m/s
CI.WLT..HN,34.009479999999996,-117.95076999999999,107.0,"E,N,Z","214498.00,214395.00,214464.00",m/s**2
CI.WMD..HH,33.03826,-115.58191000000001,-45.0,"E,N,Z","627467000.00,621595000.00,620756000.00",m/s
CI.WMD..HN,33.03826,-115.58191000000001,-45.0,"E,N,Z","213671.00,213885.00,213671.00",m/s**2
CI.WMF..HH,36.11758,-117.85486000000002,1537.4,"E,N,Z","625790000.00,627467000.00,625790000.00",m/s
CI.WMF..HN,36.11758,-117.85486000000002,1537.4,"E,N,Z","213842.00,213842.00,213842.00",m/s**2
CI.WOR..HH,35.69563,-118.24246000000001,795.0,"E,N,Z","640951000.00,637507000.00,637088000.00",m/s
CI.WOR..HN,35.69563,-118.24246000000001,795.0,"E,N,Z","214044.00,213916.00,214215.00",m/s**2
CI.WRC2..HH,35.9479,-117.65038,943.0,"E,N,Z","629145000.00,629145000.00,629145000.00",m/s
CI.WRC2..HN,35.9479,-117.65038,943.0,"E,N,Z","214227.00,213970.00,214056.00",m/s**2
CI.WSS..HH,34.1717,-118.64971000000001,316.0,"E,N,Z","629028000.00,629028000.00,624009000.00",m/s
CI.WSS..HN,34.1717,-118.64971000000001,316.0,"E,N,Z","214014.00,213809.00,214185.00",m/s**2
CI.WTT2..HH,33.94867,-118.25538999999999,37.0,"E,N,Z","624237000.00,624237000.00,624237000.00",m/s
CI.WTT2..HN,33.94867,-118.25538999999999,37.0,"E,N,Z","214185.00,213945.00,214116.00",m/s**2
CI.WWC..HH,33.94068,-116.40876000000002,619.0,"E,N,Z","624238000.00,624238000.00,624238000.00",m/s
CI.WWC..HN,33.94068,-116.40876000000002,619.0,"E,N,Z","213980.00,214151.00,214014.00",m/s**2
CI.YEG2..HH,35.438309999999994,-119.96306000000001,963.0,"E,N,Z","314768000.00,314768000.00,314768000.00",m/s
CI.YEG2..HN,35.438309999999994,-119.96306000000001,963.0,"E,N,Z","213855.00,213940.00,213897.00",m/s**2
CI.YUH2..HH,32.64752,-115.92227,184.0,"E,N,Z","629865000.00,629865000.00,629865000.00",m/s
CI.YUH2..HN,32.64752,-115.92227,184.0,"E,N,Z","213744.00,213873.00,214087.00",m/s**2
AZ.BZN..HH,33.4915,-116.667,1301.0,"E,N,Z","629919000.00,629919000.00,629919000.00",m/s
AZ.BZN..HN,33.4915,-116.667,1301.0,"E,N,Z","427894.00,427894.00,427894.00",m/s**2
AZ.CRY..HH,33.5654,-116.7373,1128.0,"E,N,Z","629919000.00,629919000.00,629919000.00",m/s
AZ.CRY..HN,33.5654,-116.7373,1128.0,"E,N,Z","427894.00,427894.00,427894.00",m/s**2
AZ.FRD..HH,33.4947,-116.6022,1164.0,"E,N,Z","629919000.00,629919000.00,629919000.00",m/s
AZ.FRD..HN,33.4947,-116.6022,1164.0,"E,N,Z","427894.00,427894.00,427894.00",m/s**2
AZ.KNW..HH,33.7141,-116.7119,1507.0,"E,N,Z","629569000.00,629569000.00,629569000.00",m/s
AZ.KNW..HN,33.7141,-116.7119,1507.0,"E,N,Z","427894.00,427894.00,427894.00",m/s**2
AZ.LVA2..HH,33.3516,-116.5615,1435.0,"E,N,Z","629569000.00,629569000.00,629569000.00",m/s
AZ.LVA2..HN,33.3516,-116.5615,1435.0,"E,N,Z","427894.00,427894.00,427894.00",m/s**2
AZ.PFO..HH,33.6117,-116.4594,1259.0,"E,N,Z","629919000.00,629919000.00,629919000.00",m/s
AZ.PFO..HN,33.6117,-116.4594,1259.0,"E,N,Z","427894.00,427894.00,427894.00",m/s**2
AZ.RDM..HH,33.63,-116.8478,1365.0,"E,N,Z","629919000.00,629919000.00,629919000.00",m/s
AZ.RDM..HN,33.63,-116.8478,1365.0,"E,N,Z","427894.00,427894.00,427894.00",m/s**2
AZ.SMER..HH,33.4577,-117.1708,355.7,"E,N,Z","629919000.00,629919000.00,629919000.00",m/s
AZ.SMER..HN,33.4577,-117.1708,355.7,"E,N,Z","427894.00,427894.00,427894.00",m/s**2
AZ.SMER..BH,33.4577,-117.1708,355.7,"E,N,Z","629313000.00,629313000.00,629313000.00",m/s
AZ.SND..HH,33.5519,-116.6129,1358.0,"E,N,Z","629919000.00,629919000.00,629919000.00",m/s
AZ.SND..HN,33.5519,-116.6129,1358.0,"E,N,Z","427894.00,427894.00,427894.00",m/s**2
AZ.TRO..HH,33.5234,-116.4257,2628.0,"E,N,Z","629919000.00,629919000.00,629919000.00",m/s
AZ.TRO..HN,33.5234,-116.4257,2628.0,"E,N,Z","427894.00,427894.00,427894.00",m/s**2
BC.CBX..HH,32.3131,-116.6636,1250.0,"E,N,Z","415789000.00,414736000.00,419999000.00",m/s
BC.CCX..HH,31.867887,-116.66446,36.6,"E,N,Z","918482000.00,921642000.00,917911000.00",m/s
BC.CCX..HN,31.867887,-116.66446,36.6,"E,N,Z","633976.00,632504.00,633659.00",m/s**2
BC.CPX..HH,32.4195,-115.305,192.0,"E,N,Z","917134000.00,922216000.00,918482000.00",m/s
BC.CPX..HN,32.4195,-115.305,192.0,"E,N,Z","632136.00,632961.00,630930.00",m/s**2
BC.DOCTX..HH,31.9595,-114.7452,0.0,"E,N,Z","464990000.00,465859000.00,465569000.00",m/s
BC.DOCTX..HN,31.9595,-114.7452,0.0,"E,N,Z","316347.00,315651.00,316664.00",m/s**2
BC.GUVIX..HH,32.3029,-115.07600000000001,10.0,"E,N,Z","271315000.00,271315000.00,271315000.00",m/s
BC.GUVIX..HN,32.3029,-115.07600000000001,10.0,"E,N,Z","184664.00,184597.00,184664.00",m/s**2
BC.PESCX..HH,32.4338,-114.9649,0.0,"E,N,Z","465569000.00,465569000.00,465279000.00",m/s
BC.PESCX..HN,32.4338,-114.9649,0.0,"E,N,Z","315968.00,316164.00,317107.00",m/s**2
BC.PIX..HH,31.5629,-113.4599,77.8,"E,N,Z","919826000.00,918583000.00,918012000.00",m/s
BC.PIX..HN,31.5629,-113.4599,77.8,"E,N,Z","629869.00,630577.00,633667.00",m/s**2
BC.RITX..HH,32.166,-114.96158,9.0,"E,N,Z","465279000.00,465569000.00,465569000.00",m/s
BC.RITX..HN,32.166,-114.96158,9.0,"E,N,Z","316417.00,316227.00,316607.00",m/s**2
BC.RMX..HH,32.5535,-116.0288,1278.0,"E,N,Z","271315000.00,271315000.00,271315000.00",m/s
BC.RMX..HN,32.5535,-116.0288,1278.0,"E,N,Z","184531.00,184798.00,184531.00",m/s**2
BC.SFX..HH,31.0376,-114.851,39.0,"E,N,Z","915993000.00,920399000.00,917911000.00",m/s
BC.SFX..HN,31.0376,-114.851,39.0,"E,N,Z","641725.00,641725.00,641725.00",m/s**2
BC.SJX..HH,32.0048,-115.948,1616.0,"E,N,Z","920299000.00,918482000.00,919727000.00",m/s
BC.SJX..HN,32.0048,-115.948,1616.0,"E,N,Z","634103.00,632947.00,634864.00",m/s**2
BC.SLRCX..HH,32.4579,-114.7049,47.0,"E,N,Z","271118000.00,271216000.00,271216000.00",m/s
BC.SLRCX..HN,32.4579,-114.7049,47.0,"E,N,Z","184597.00,184731.00,184597.00",m/s**2
BC.TJX..HH,32.51017,-117.0543,210.0,"E,N,Z","271315000.00,271216000.00,271315000.00",m/s
BC.TJX..HN,32.51017,-117.0543,210.0,"E,N,Z","184597.00,184664.00,184597.00",m/s**2
BC.TKX..HH,32.5687,-116.6075,541.0,"E,N,Z","271216000.00,271216000.00,271216000.00",m/s
BC.TKX..HN,32.5687,-116.6075,541.0,"E,N,Z","184664.00,184731.00,184731.00",m/s**2
BC.UABX..HH,32.6316,-115.4447,44.3,"E,N,Z","271315000.00,271315000.00,271216000.00",m/s
BC.UABX..HN,32.6316,-115.4447,44.3,"E,N,Z","184731.00,184664.00,184597.00",m/s**2
BC.VTX..HH,31.3914,-115.78399999999999,746.0,"E,N,Z","922216000.00,924035000.00,919727000.00",m/s
BC.VTX..HN,31.3914,-115.78399999999999,746.0,"E,N,Z","632326.00,632263.00,633608.00",m/s**2
BC.YUCAX..HH,32.6054,-115.0094,0.0,"E,N,Z","465859000.00,465279000.00,465279000.00",m/s
BC.YUCAX..HN,32.6054,-115.0094,0.0,"E,N,Z","316790.00,315778.00,316994.00",m/s**2
CE.02143..HN,32.8399,-116.9741,108.0,"E,N,Z","214077.00,214413.00,214413.00",m/s**2
CE.02496..HN,32.6511,-116.3656,1009.0,"E,N,Z","214077.00,214077.00,214413.00",m/s**2
CE.03121..HN,32.7488,-117.2418,11.0,"E,N,Z","214077.00,214245.00,214245.00",m/s**2
CE.03145..HN,32.7096,-117.1579,11.0,"E,N,Z","214413.00,214077.00,214581.00",m/s**2
CE.03148..HN,32.7354,-117.08,79.0,"E,N,Z","213742.00,214077.00,213742.00",m/s**2
CE.03156..HN,32.9154,-117.1423,131.0,"E,N,Z","214245.00,213910.00,213742.00",m/s**2
CE.03260..HN,32.9545,-117.0416,149.0,"E,N,Z","214245.00,213910.00,213910.00",m/s**2
CE.03468..HN,32.5762,-117.0849,6.0,"E,N,Z","213910.00,213910.00,214245.00",m/s**2
CE.03471..HN,32.6691,-117.0767,23.0,"E,N,Z","214245.00,213910.00,214245.00",m/s**2
CE.03521..HN,32.8793,-117.2239,105.0,"E,N,Z","214077.00,213910.00,214077.00",m/s**2
CE.12092..HN,33.4818,-116.9114,501.0,"E,N,Z","213744.00,214080.00,214080.00",m/s**2
CE.12478..HN,33.0773,-116.4382,537.0,"E,N,Z","214077.00,214077.00,214245.00",m/s**2
CE.12500..HN,33.0734,-116.7685,777.0,"E,N,Z","214077.00,214413.00,214749.00",m/s**2
CE.12626..HN,33.4262,-116.0788,-9.0,"E,N,Z","213742.00,213742.00,213742.00",m/s**2
CE.13070..HN,33.4851,-117.6689,18.0,"E,N,Z","213910.00,214077.00,214581.00",m/s**2
CE.13122..HN,33.8688,-117.7094,116.0,"E,N,Z","214077.00,214077.00,214077.00",m/s**2
CE.13141..HN,33.0536,-117.2454,77.0,"E,N,Z","214245.00,214413.00,213574.00",m/s**2
CE.13477..HN,33.1231,-117.1219,226.0,"E,N,Z","214077.00,214245.00,214245.00",m/s**2
CE.13577..HN,33.928000000000004,-117.8032,227.0,"E,N,Z","213910.00,213910.00,214581.00",m/s**2
CE.13883..HN,33.8534,-117.8578,67.0,"E,N,Z","213742.00,213742.00,213406.00",m/s**2
CE.13884..HN,33.7667,-117.9178,28.0,"E,N,Z","214077.00,214245.00,214245.00",m/s**2
CE.13921..HN,33.9753,-117.4865,213.0,"E,N,Z","213910.00,213910.00,214077.00",m/s**2
CE.14007..HN,33.723,-118.0257,3.0,"E,N,Z","213406.00,214077.00,213742.00",m/s**2
CE.14831..HN,33.7918,-118.3203,32.0,"E,N,Z","214077.00,213910.00,214413.00",m/s**2
CE.14834..HN,33.9219,-118.3268,17.0,"E,N,Z","213742.00,213910.00,214749.00",m/s**2
CE.14935..HN,33.8675,-118.2618,23.0,"E,N,Z","214245.00,214077.00,214581.00",m/s**2
CE.21513..HN,34.1657,-115.74700000000001,370.0,"E,N,Z","214077.00,214077.00,214413.00",m/s**2
CE.23077..HN,34.0574,-117.6976,281.0,"E,N,Z","213742.00,213742.00,214413.00",m/s**2
CE.23163..HN,34.1229,-117.5398,401.0,"E,N,Z","213910.00,213910.00,214413.00",m/s**2
CE.23173..HN,34.0018,-117.8143,279.0,"E,N,Z","214245.00,213910.00,214581.00",m/s**2
CE.23178..HN,34.1321,-117.9108,184.0,"E,N,Z","214077.00,214077.00,214749.00",m/s**2
CE.23417..HN,34.0332,-117.6073,252.0,"E,N,Z","213742.00,214413.00,214413.00",m/s**2
CE.23938..HN,34.0209,-117.8657,175.0,"E,N,Z","213742.00,213742.00,214413.00",m/s**2
CE.23939..HN,34.1211,-117.7382,392.0,"E,N,Z","214245.00,213742.00,214749.00",m/s**2
CE.24014..HN,34.0449,-118.5223,95.0,"E,N,Z","214077.00,213742.00,213742.00",m/s**2
CE.24020..HN,34.0752,-118.2176,106.0,"E,N,Z","213742.00,213742.00,214245.00",m/s**2
CE.24040..HN,34.0312,-118.2078,98.0,"E,N,Z","214245.00,214245.00,214413.00",m/s**2
CE.24088..HN,34.2959,-118.3756,451.0,"E,N,Z","213744.00,214080.00,214080.00",m/s**2
CE.24103..HN,34.1597,-118.5337,256.0,"E,N,Z","213910.00,213742.00,214581.00",m/s**2
CE.24110..HN,34.1086,-118.0578,123.0,"E,N,Z","214077.00,213910.00,214413.00",m/s**2
CE.24400..HN,34.037,-118.1783,78.0,"E,N,Z","214077.00,214077.00,214077.00",m/s**2
CE.24765..HN,34.2198,-118.4298,241.0,"E,N,Z","214413.00,213910.00,214245.00",m/s**2
CE.24833..HN,34.0627,-118.3156,60.0,"E,N,Z","214077.00,214245.00,214413.00",m/s**2
CE.24857..HN,34.1862,-118.9296,195.0,"E,N,Z","214077.00,214077.00,214077.00",m/s**2
CE.24944..HN,34.2302,-118.2528,479.0,"E,N,Z","213742.00,214245.00,214581.00",m/s**2
CE.24945..HN,34.1632,-118.2554,174.0,"E,N,Z","213910.00,214413.00,214077.00",m/s**2
CE.25131..HN,34.1507,-119.198,2.0,"E,N,Z","214077.00,213742.00,214749.00",m/s**2
CE.25282..HN,34.2082,-119.0797,21.0,"E,N,Z","214077.00,213742.00,214749.00",m/s**2
CE.25325..HN,34.2434,-119.1936,21.0,"E,N,Z","214077.00,214245.00,214077.00",m/s**2
CE.25340..HN,34.2764,-119.2944,16.0,"E,N,Z","214245.00,214077.00,214077.00",m/s**2
CE.25657..HN,34.8575,-119.2099,1899.0,"E,N,Z","213742.00,213742.00,214077.00",m/s**2
CE.35078..HN,35.3664,-119.9239,747.0,"E,N,Z","106913.00,106913.00,106913.00",m/s**2
CE.35078..EH,35.3664,-119.9239,747.0,Z,26287200.00,m/s
CE.35110..HN,35.263000000000005,-119.8156,695.0,"E,N,Z","106913.00,106913.00,106913.00",m/s**2
CE.35342..HN,35.2607,-119.8202,669.0,"E,N,Z","106913.00,106913.00,106913.00",m/s**2
CE.35342..EH,35.2607,-119.8202,669.0,Z,26287200.00,m/s
CE.35511..HN,35.0586,-119.0838,149.0,"E,N,Z","213742.00,214077.00,214413.00",m/s**2
CE.36014..HN,35.3039,-120.0222,640.0,"E,N,Z","106913.00,106913.00,106913.00",m/s**2
CE.36014..EH,35.3039,-120.0222,640.0,Z,26287200.00,m/s
CE.44015..HN,36.6007,-118.0605,1143.0,"E,N,Z","214077.00,214077.00,214077.00",m/s**2
CI.AGM..HN,32.84474,-114.78425,324.0,"E,N,Z","213762.00,213891.00,213463.00",m/s**2
CI.AGM..EH,32.84474,-114.78425,324.0,Z,41922500.00,m/s
CI.AGO..HN,34.14647,-118.76698999999999,259.0,"E,N,Z","213199.00,213840.00,213969.00",m/s**2
CI.AGO..EH,34.14647,-118.76698999999999,259.0,Z,70278800.00,m/s
CI.APL..HN,35.34149,-116.87463999999999,959.0,"E,N,Z","213848.00,213848.00,213848.00",m/s**2
CI.ASP..HN,35.86114,-119.38511000000001,64.0,"E,N,Z","213857.00,213472.00,213643.00",m/s**2
CI.ASP..EH,35.86114,-119.38511000000001,64.0,Z,41936100.00,m/s
CI.AVC..HN,33.333118,-118.335424,0.0,"E,N,Z","214080.00,214353.00,213874.00",m/s**2
CI.AVC..EH,33.333118,-118.335424,0.0,Z,41922500.00,m/s
CI.BAC..HN,33.6122,-117.0406,551.0,"E,N,Z","214286.00,213602.00,213738.00",m/s**2
CI.BAC..EH,33.6122,-117.0406,551.0,Z,41936100.00,m/s
CI.BAI..HN,34.77695,-118.77335,1035.0,"E,N,Z","213797.00,213840.00,213926.00",m/s**2
CI.BAI..EH,34.77695,-118.77335,1035.0,Z,68916300.00,m/s
CI.BUE..HN,34.612987,-120.196793,110.0,"E,N,Z","213241.00,213327.00,214011.00",m/s**2
CI.BUE..EH,34.612987,-120.196793,110.0,Z,67168200.00,m/s
CI.CAC..HN,34.13678,-118.12199,230.0,"E,N,Z","427630.00,427458.00,428998.00",m/s**2
CI.CAC..EH,34.13678,-118.12199,230.0,Z,41936100.00,m/s
CI.CFD..HN,34.399268,-119.51576200000001,8.0,"E,N,Z","213721.00,213935.00,213379.00",m/s**2
CI.CFD..EH,34.399268,-119.51576200000001,8.0,Z,69752300.00,m/s
CI.CFT..HN,34.035470000000004,-117.11241000000001,682.0,"E,N,Z","214149.00,213636.00,213465.00",m/s**2
CI.CFT..EH,34.035470000000004,-117.11241000000001,682.0,Z,41936100.00,m/s
CI.CHI..HN,34.18156,-119.22243999999999,3.0,"E,N,Z","213370.00,213284.00,214225.00",m/s**2
CI.CHI..EH,34.18156,-119.22243999999999,3.0,Z,89626000.00,m/s
CI.CHK..HN,34.067135,-118.971181,258.0,"E,N,Z","213292.00,213933.00,213720.00",m/s**2
CI.CHK..EH,34.067135,-118.971181,258.0,Z,41922500.00,m/s
CI.CLI2..HN,33.12112,-115.58016,-60.2,"E,N,Z","856733.00,857144.00,855091.00",m/s**2
CI.CLI2..EH,33.12112,-115.58016,-60.2,Z,167744000.00,m/s
CI.CLO..HN,34.22038,-119.00891000000001,48.0,"E,N,Z","213284.00,213883.00,213883.00",m/s**2
CI.CLO..EH,34.22038,-119.00891000000001,48.0,Z,41922500.00,m/s
CI.COK2..HN,32.85053,-115.7284,-14.0,"E,N,Z","213909.00,214252.00,213567.00",m/s**2
CI.COK2..EH,32.85053,-115.7284,-14.0,Z,42036500.00,m/s
CI.CPO..HN,32.64266,-116.48513999999999,838.0,"E,N,Z","213909.00,213909.00,213840.00",m/s**2
CI.CPO..EH,32.64266,-116.48513999999999,838.0,Z,41922500.00,m/s
CI.CPT2..HN,33.34183,-117.32502,771.0,"E,N,Z","213591.00,213720.00,214190.00",m/s**2
CI.CPT2..EH,33.34183,-117.32502,771.0,Z,41922500.00,m/s
CI.CRF..HN,33.873521000000004,-118.039376,18.1,"E,N,Z","214115.00,214046.00,213841.00",m/s**2
CI.CRF..EH,33.873521000000004,-118.039376,18.1,Z,41936100.00,m/s
CI.CRN..HN,33.87574,-117.56106000000001,204.8,"E,N,Z","214054.00,213840.00,213883.00",m/s**2
CI.CRN..EH,33.87574,-117.56106000000001,204.8,Z,71373000.00,m/s
CI.CSL..HN,34.496513,-118.61620800000001,353.9,"E,N,Z","213815.00,213815.00,213815.00",m/s**2
CI.CSL..EH,34.496513,-118.61620800000001,353.9,Z,41936100.00,m/s
CI.CVW..HN,34.92217,-118.93913,804.8,"E,N,Z","213909.00,213669.00,213738.00",m/s**2
CI.CVW..EH,34.92217,-118.93913,804.8,Z,71373000.00,m/s
CI.CZN..HN,33.91375,-116.78408999999999,538.0,"E,N,Z","213712.00,213028.00,213712.00",m/s**2
CI.CZN..EH,33.91375,-116.78408999999999,538.0,Z,68274900.00,m/s
CI.DTC..HN,34.424157,-118.66191299999998,382.7,"E,N,Z","213807.00,214149.00,214046.00",m/s**2
CI.DTC..EH,34.424157,-118.66191299999998,382.7,Z,41936100.00,m/s
CI.EMS..HN,32.73921,-114.98521000000001,11.0,"E,N,Z","213541.00,213926.00,213712.00",m/s**2
CI.EMS..EH,32.73921,-114.98521000000001,11.0,Z,70991500.00,m/s
CI.EOC..HN,34.450291,-119.769411,75.0,"E,N,Z","213344.00,212318.00,212446.00",m/s**2
CI.EOC..EH,34.450291,-119.769411,75.0,Z,42036500.00,m/s
CI.FON..HN,34.09957,-117.43876000000002,388.8,"E,N,Z","213755.00,213584.00,213755.00",m/s**2
CI.FON..EH,34.09957,-117.43876000000002,388.8,Z,71968300.00,m/s
CI.FRM..HN,34.77518,-118.96935,2443.0,"E,N,Z","213216.00,212703.00,213216.00",m/s**2
CI.FRM..EH,34.77518,-118.96935,2443.0,Z,71224200.00,m/s
CI.FUL..HN,33.8717,-117.92251,51.0,"E,N,Z","214311.00,213669.00,213883.00",m/s**2
CI.FUL..EH,33.8717,-117.92251,51.0,Z,70492600.00,m/s
CI.GCC..HN,34.32758,-118.31888000000001,726.6,"E,N,Z","213216.00,213515.00,213943.00",m/s**2
CI.GCC..EH,34.32758,-118.31888000000001,726.6,Z,41936100.00,m/s
CI.GFF..HN,34.923805,-115.07266200000001,791.1,"E,N,Z","213682.00,213898.00,213566.00",m/s**2
CI.GFF..EH,34.923805,-115.07266200000001,791.1,Z,41936100.00,m/s
CI.GFS..HN,34.476603999999995,-120.214358,71.1,"E,N,Z","213558.00,213857.00,213729.00",m/s**2
CI.GFS..EH,34.476603999999995,-120.214358,71.1,Z,41936100.00,m/s
CI.GOU..HN,34.22119,-118.18834,587.0,"E,N,Z","214011.00,213455.00,213969.00",m/s**2
CI.GOU..EH,34.22119,-118.18834,587.0,Z,69528400.00,m/s
CI.GSA..HN,34.13677,-118.1283,234.0,"E,N,Z","427187.00,428298.00,428042.00",m/s**2
CI.GSA..EH,34.13677,-118.1283,234.0,Z,69194500.00,m/s
CI.GVR..HN,34.04972,-118.11995,141.0,"E,N,Z","213850.00,213892.00,212909.00",m/s**2
CI.GVR..EH,34.04972,-118.11995,141.0,Z,71396200.00,m/s
CI.HLN..HN,34.12128,-117.21897,358.9,"E,N,Z","213498.00,213797.00,213755.00",m/s**2
CI.HLN..EH,34.12128,-117.21897,358.9,Z,41922500.00,m/s
CI.IDQ..HN,33.76795,-116.23897,29.0,"E,N,Z","213944.00,214183.00,214183.00",m/s**2
CI.IDY..HN,33.74642,-116.71536,1632.0,"E,N,Z","213850.00,214406.00,213978.00",m/s**2
CI.IDY..EH,33.74642,-116.71536,1632.0,Z,70075200.00,m/s
CI.IVY..HN,33.76025,-117.47678,330.0,"E,N,Z","213892.00,213978.00,214063.00",m/s**2
CI.IVY..EH,33.76025,-117.47678,330.0,Z,69601300.00,m/s
CI.KIK..HN,34.15037,-118.10156,237.2,"E,N,Z","213815.00,213815.00,213815.00",m/s**2
CI.KIK..EH,34.15037,-118.10156,237.2,Z,70343600.00,m/s
CI.KML..HN,33.59738,-117.87908999999999,9.0,"E,N,Z","213508.00,213721.00,213550.00",m/s**2
CI.KML..EH,33.59738,-117.87908999999999,9.0,Z,41936100.00,m/s
CI.LAT..HN,34.04449,-118.77643,351.0,"E,N,Z","213294.00,213892.00,213764.00",m/s**2
CI.LAT..EH,34.04449,-118.77643,351.0,Z,68968100.00,m/s
CI.LEO..HN,34.63064,-118.30505,1025.0,"E,N,Z","213874.00,214080.00,213909.00",m/s**2
CI.LEO..EH,34.63064,-118.30505,1025.0,Z,26289000.00,m/s
CI.LVY..HN,34.17408,-119.15636,12.0,"E,N,Z","214268.00,213840.00,213626.00",m/s**2
CI.LVY..EH,34.17408,-119.15636,12.0,Z,67855700.00,m/s
CI.MAG..HN,35.36165,-118.92282,135.0,"E,N,Z","213909.00,214149.00,213944.00",m/s**2
CI.MAG..EH,35.36165,-118.92282,135.0,Z,41936100.00,m/s
CI.MES..HN,34.263111,-119.095882,69.2,"E,N,Z","213430.00,213301.00,213857.00",m/s**2
CI.MES..EH,34.263111,-119.095882,69.2,Z,41936100.00,m/s
CI.MMC..HN,33.57304,-117.76258,55.1,"E,N,Z","214115.00,214012.00,214081.00",m/s**2
CI.MMC..EH,33.57304,-117.76258,55.1,Z,41936100.00,m/s
CI.MNO..HN,33.947379999999995,-117.17278,564.0,"E,N,Z","213669.00,213840.00,214011.00",m/s**2
CI.MNO..EH,33.947379999999995,-117.17278,564.0,Z,69981200.00,m/s
CI.MOR..HN,33.50388,-117.13993,331.0,"E,N,Z","213113.00,213284.00,213797.00",m/s**2
CI.MOR..EH,33.50388,-117.13993,331.0,Z,70710600.00,m/s
CI.MRS..HN,35.42522,-116.88956999999999,1000.0,"E,N,Z","213848.00,213848.00,213848.00",m/s**2
CI.MTA..HN,33.42654,-117.37926999999999,785.0,"E,N,Z","213762.00,213805.00,214489.00",m/s**2
CI.MTA..EH,33.42654,-117.37926999999999,785.0,Z,41922500.00,m/s
CI.NEN..HN,34.77539,-118.50098999999999,859.0,"E,N,Z","213541.00,213669.00,214140.00",m/s**2
CI.NEN..EH,34.77539,-118.50098999999999,859.0,Z,69473900.00,m/s
CI.NOT..HN,34.22869,-118.55828999999999,247.5,"E,N,Z","213584.00,213455.00,213883.00",m/s**2
CI.NOT..EH,34.22869,-118.55828999999999,247.5,Z,68887000.00,m/s
CI.NPN..HN,35.467388,-115.26850900000001,935.1,"E,N,Z","213301.00,213515.00,213686.00",m/s**2
CI.NPN..EH,35.467388,-115.26850900000001,935.1,Z,41936100.00,m/s
CI.NWH..HN,33.733138000000004,-117.75108700000001,95.8,"E,N,Z","213841.00,214286.00,213738.00",m/s**2
CI.NWH..EH,33.733138000000004,-117.75108700000001,95.8,Z,41936100.00,m/s
CI.OCP..HN,32.74755,-116.01931,155.1,"E,N,Z","214012.00,214046.00,213841.00",m/s**2
CI.OCP..EH,32.74755,-116.01931,155.1,Z,41936100.00,m/s
CI.OGC..HN,33.78816,-117.844,64.0,"E,N,Z","213327.00,213241.00,213840.00",m/s**2
CI.OGC..EH,33.78816,-117.844,64.0,Z,70580700.00,m/s
CI.PDW..HN,33.923970000000004,-117.61713,166.0,"E,N,Z","214012.00,214046.00,214115.00",m/s**2
CI.PDW..EH,33.923970000000004,-117.61713,166.0,Z,41936100.00,m/s
CI.PUT..HN,34.69115,-117.96919,747.0,"E,N,Z","213712.00,213969.00,213883.00",m/s**2
CI.PUT..EH,34.69115,-117.96919,747.0,Z,70719000.00,m/s
CI.QAD..HN,34.42367,-119.60926,68.0,"E,N,Z","213506.00,213976.00,214575.00",m/s**2
CI.QAD..EH,34.42367,-119.60926,68.0,Z,41922500.00,m/s
CI.QUG..HN,34.395579999999995,-118.49837,515.0,"E,N,Z","426997.00,427681.00,428365.00",m/s**2
CI.QUG..EH,34.395579999999995,-118.49837,515.0,Z,41922500.00,m/s
CI.RCU..HN,34.083090000000006,-117.52441999999999,329.9,"E,N,Z","214012.00,213841.00,213602.00",m/s**2
CI.RCU..EH,34.083090000000006,-117.52441999999999,329.9,Z,41936100.00,m/s
CI.RMM..HN,34.643840000000004,-116.62438,1777.0,"E,N,Z","214148.00,213738.00,214011.00",m/s**2
CI.RMM..EH,34.643840000000004,-116.62438,1777.0,Z,41922500.00,m/s
CI.SAL..HN,33.2801,-115.98585,14.0,"E,N,Z","214150.00,214116.00,214253.00",m/s**2
CI.SAN..HN,33.70432,-117.88578000000001,11.0,"E,N,Z","214012.00,214012.00,214286.00",m/s**2
CI.SAN..EH,33.70432,-117.88578000000001,11.0,Z,71291300.00,m/s
CI.SHU..HN,34.642790000000005,-118.16453999999999,774.0,"E,N,Z","213883.00,213969.00,213926.00",m/s**2
CI.SHU..EH,34.642790000000005,-118.16453999999999,774.0,Z,70429700.00,m/s
CI.SIL..HN,34.34802,-116.82746000000002,1698.0,"E,N,Z","213944.00,213978.00,213738.00",m/s**2
CI.SIL..EH,34.34802,-116.82746000000002,1698.0,Z,41936100.00,m/s
CI.SLM..HN,34.45227,-118.42267,523.0,"E,N,Z","214097.00,214097.00,213327.00",m/s**2
CI.SLM..EH,34.45227,-118.42267,523.0,Z,69402600.00,m/s
CI.SMT..HN,34.33364,-119.01381,683.0,"E,N,Z","213883.00,213755.00,214225.00",m/s**2
CI.SMT..EH,34.33364,-119.01381,683.0,Z,71389800.00,m/s
CI.SMV..HN,34.27091,-118.74407,276.0,"E,N,Z","213978.00,213251.00,213422.00",m/s**2
CI.SMV..EH,34.27091,-118.74407,276.0,Z,68150300.00,m/s
CI.SQC..HN,34.866469,-120.294393,130.0,"E,N,Z","213807.00,213807.00,213465.00",m/s**2
CI.SQC..EH,34.866469,-120.294393,130.0,Z,70456800.00,m/s
CI.SSS..HN,34.03103,-117.45498,337.1,"E,N,Z","213807.00,213602.00,213944.00",m/s**2
CI.SSS..EH,34.03103,-117.45498,337.1,Z,41936100.00,m/s
CI.TEJ..HN,35.23107,-118.68878000000001,650.0,"E,N,Z","213806.00,213874.00,213840.00",m/s**2
CI.TEJ..EH,35.23107,-118.68878000000001,650.0,Z,41922500.00,m/s
CI.THC..HN,34.90853,-118.66443000000001,1688.0,"E,N,Z","214286.00,214320.00,214252.00",m/s**2
CI.THC..EH,34.90853,-118.66443000000001,1688.0,Z,42036500.00,m/s
CI.TJR..HN,35.02722,-118.74373,398.0,"E,N,Z","214148.00,214319.00,213840.00",m/s**2
CI.TJR..EH,35.02722,-118.74373,398.0,Z,41922500.00,m/s
CI.VCP..HN,33.239340000000006,-117.02125,426.9,"E,N,Z","213601.00,213430.00,214157.00",m/s**2
CI.VCP..EH,33.239340000000006,-117.02125,426.9,Z,41936100.00,m/s
CI.VLY..HN,33.736134,-117.15652299999999,445.8,"E,N,Z","212866.00,213165.00,213935.00",m/s**2
CI.VLY..EH,33.736134,-117.15652299999999,445.8,Z,70121300.00,m/s
CI.WNM..HN,35.8422,-117.90616000000001,974.3,"E,N,Z","214021.00,213892.00,214021.00",m/s**2
CI.WNM..EH,35.8422,-117.90616000000001,974.3,Z,69328700.00,m/s
CI.WRV2..HN,36.007740000000005,-117.8904,1070.0,"E,N,Z","213850.00,235188.00,235102.00",m/s**2
CI.WRV2..EH,36.007740000000005,-117.8904,1070.0,Z,71450700.00,m/s
CI.WVP2..HN,35.94939,-117.81768999999998,1465.0,"E,N,Z","213764.00,213550.00,213721.00",m/s**2
CI.WVP2..EH,35.94939,-117.81768999999998,1465.0,Z,68041300.00,m/s
CI.WWF..HN,33.27884,-115.57888,-61.0,"E,N,Z","213626.00,213712.00,213669.00",m/s**2
CI.WWF..EH,33.27884,-115.57888,-61.0,Z,69888900.00,m/s
CI.YUC..HN,34.19675,-116.40576000000001,1077.0,"E,N,Z","213841.00,214217.00,214286.00",m/s**2
CI.YUC..EH,34.19675,-116.40576000000001,1077.0,Z,42036500.00,m/s
NC.BBGB..HH,36.578484,-121.039566,1089.0,"E,N,Z","629194000.00,629194000.00,629194000.00",m/s
NC.BBGB..HN,36.578484,-121.039566,1089.0,"E,N,Z","213926.00,213926.00,213926.00",m/s**2
NC.MCS..EH,37.654872999999995,-118.90576200000001,2417.0,Z,191559000.00,m/s
NC.MDPB..HH,37.632267,-119.079353,2360.0,"E,N,Z","981466000.00,1052250000.00,1005060000.00",m/s
NC.MDPB..HN,37.632267,-119.079353,2360.0,"E,N,Z","153511.00,153511.00,153511.00",m/s**2
NC.MMT..EH,37.376038,-119.17961899999999,2714.0,Z,95780000.00,m/s
NC.MYL..EH,37.383492,-120.420525,57.0,Z,191559000.00,m/s
NC.PBM..EH,35.394451000000004,-120.353897,1049.0,Z,95780000.00,m/s
NC.PCC..HN,36.089766999999995,-121.16361200000001,372.0,"E,N,Z","213909.00,213909.00,213909.00",m/s**2
NC.PCC..EH,36.089766999999995,-121.16361200000001,372.0,Z,335570000.00,m/s
NC.PHSB..HN,35.824039,-121.053932,475.0,"E,N,Z","510000.00,510000.00,510000.00",m/s**2
NC.PHSB..EH,35.824039,-121.053932,475.0,"E,N,Z","400000000.00,400000000.00,400000000.00",m/s
NC.PJU..EH,36.226974,-120.593521,925.0,Z,95780000.00,m/s
NC.PKE..EH,36.061031,-120.10963400000001,244.0,Z,95780000.00,m/s
NC.PMPB..HH,36.215903999999995,-120.80126200000001,802.0,"E,N,Z","600000000.00,600000000.00,600000000.00",m/s
NC.PMPB..HN,36.215903999999995,-120.80126200000001,802.0,"E,N,Z","510000.00,510000.00,510000.00",m/s**2
NC.PSM..EH,36.068806,-120.59618400000001,957.0,"E,N,Z","400000000.00,400000000.00,400000000.00",m/s
NC.PWM..EH,36.432682,-120.212364,45.0,Z,95780000.00,m/s
NN.DSP..HH,37.368,-117.97219799999999,1692.0,"E,N,Z","499841000.00,499841000.00,499841000.00",m/s
NN.DSP..HN,37.368,-117.97219799999999,1692.0,"E,N,Z","142564.00,142564.00,142564.00",m/s**2
NN.GMN..HH,37.3003,-117.2607,2168.0,"E,N,Z","276212000.00,276212000.00,276212000.00",m/s
NN.GWY..HH,36.186001,-116.6698,1538.0,"E,N,Z","314020000.00,314020000.00,314020000.00",m/s
NN.LCH..HH,37.2329,-117.6459,1414.0,"E,N,Z","315695000.00,315695000.00,315695000.00",m/s
NN.QSM..HH,35.965,-116.869102,385.0,"E,N,Z","314020000.00,314020000.00,314020000.00",m/s
NN.RRK..HN,36.0656,-115.4668,1193.0,"E,N,Z","160558.00,160558.00,160558.00",m/s**2
NN.RRK..EH,36.0656,-115.4668,1193.0,"E,N,Z","7698000000.00,7698000000.00,7698000000.00",m/s
NN.SHP..HH,36.5047,-115.1567,1632.0,"E,N,Z","753096000.00,753096000.00,753096000.00",m/s
NN.WLDB..HH,36.792702,-116.626602,955.0,"E,N,Z","471166000.00,471166000.00,471166000.00",m/s
NP.1587..HN,37.58359,-118.23691000000001,3791.0,"E,N,Z","213892.00,213473.00,214312.00",m/s**2
NP.1589..HN,37.36061,-118.32858,1236.0,"E,N,Z","429497.00,429497.00,429497.00",m/s**2
NP.1808..HN,36.801790000000004,-118.20398,1203.0,"E,N,Z","426141.00,426141.00,429497.00",m/s**2
NP.1809..HN,36.10954,-117.95651000000001,1092.0,"E,N,Z","429497.00,429497.00,426141.00",m/s**2
NP.5030..HN,34.52149,-117.99099,856.0,"E,N,Z","214021.00,213850.00,213593.00",m/s**2
NP.5030..EH,34.52149,-117.99099,856.0,Z,66393200.00,m/s
NP.5036..HN,34.1926,-117.42743999999999,618.0,"E,N,Z","213473.00,213054.00,214312.00",m/s**2
NP.5036..EH,34.1926,-117.42743999999999,618.0,Z,116655000.00,m/s
NP.5053..HN,32.6695,-115.4925,2.0,"E,N,Z","213892.00,213473.00,213892.00",m/s**2
NP.5053..EH,32.6695,-115.4925,2.0,Z,41939700.00,m/s
NP.5054..HN,32.69323,-115.33819,9.0,"E,N,Z","213054.00,213473.00,213892.00",m/s**2
NP.5054..EH,32.69323,-115.33819,9.0,Z,41939700.00,m/s
NP.5056..HN,32.95977,-115.32021,-3.0,"E,N,Z","213473.00,213892.00,213892.00",m/s**2
NP.5058..HN,32.75172,-115.59516,-6.0,"E,N,Z","213892.00,213473.00,213892.00",m/s**2
NP.5062..HN,33.17747,-115.61563999999998,-64.0,"E,N,Z","213850.00,213807.00,213422.00",m/s**2
NP.5062..EH,33.17747,-115.61563999999998,-64.0,Z,68427100.00,m/s
NP.5080..HN,34.078340000000004,-118.69391,413.0,"E,N,Z","213473.00,213473.00,213473.00",m/s**2
NP.5080..EH,34.078340000000004,-118.69391,413.0,Z,118379000.00,m/s
NP.5081..HN,34.08377,-118.59899999999999,203.0,"E,N,Z","214012.00,213738.00,213807.00",m/s**2
NP.5081..EH,34.08377,-118.59899999999999,203.0,Z,68808700.00,m/s
NP.5231..HN,33.459309999999995,-116.64423000000001,1331.0,"E,N,Z","213473.00,213473.00,213892.00",m/s**2
NP.5241..HN,33.512370000000004,-116.80035,1043.0,"E,N,Z","213473.00,213473.00,213892.00",m/s**2
NP.5241..EH,33.512370000000004,-116.80035,1043.0,Z,70945200.00,m/s
NP.5271..HN,33.35262,-115.73325,-96.0,"E,N,Z","214149.00,213422.00,213636.00",m/s**2
NP.5271..EH,33.35262,-115.73325,-96.0,Z,72503300.00,m/s
NP.5272..HN,32.7081,-115.09256,38.0,"E,N,Z","213892.00,213892.00,214312.00",m/s**2
NP.5272..EH,32.7081,-115.09256,38.0,Z,41939700.00,m/s
NP.5288..HN,33.69729,-118.02485,1.0,"E,N,Z","213473.00,213892.00,213892.00",m/s**2
NP.5288..EH,33.69729,-118.02485,1.0,Z,118765000.00,m/s
NP.5330..HN,34.10348,-117.34895,364.0,"E,N,Z","429497.00,429497.00,426141.00",m/s**2
NP.5337..HN,34.140029999999996,-117.29392,364.0,"E,N,Z","213892.00,213892.00,213473.00",m/s**2
NP.5337..EH,34.140029999999996,-117.29392,364.0,Z,118765000.00,m/s
NP.5371..HN,34.20588,-117.3671,567.0,"E,N,Z","213892.00,213892.00,213892.00",m/s**2
NP.5371..EH,34.20588,-117.3671,567.0,Z,117750000.00,m/s
NP.5375..HN,33.15569,-116.1679,117.0,"E,N,Z","213892.00,213892.00,213892.00",m/s**2
NP.5375..EH,33.15569,-116.1679,117.0,Z,70303500.00,m/s
NP.5402..HN,34.07618,-118.3959,39.0,"E,N,Z","213294.00,213679.00,214021.00",m/s**2
NP.5402..EH,34.07618,-118.3959,39.0,Z,69857100.00,m/s
NP.5403..HN,34.39697,-119.29874,124.0,"E,N,Z","213379.00,213978.00,214192.00",m/s**2
NP.5403..EH,34.39697,-119.29874,124.0,Z,70133900.00,m/s
NP.5409..HN,34.233959999999996,-117.48244,840.0,"E,N,Z","213473.00,213054.00,214312.00",m/s**2
NP.5409..EH,34.233959999999996,-117.48244,840.0,Z,114403000.00,m/s
NP.5419..HN,35.64906,-117.66187,689.0,"E,N,Z","426141.00,429497.00,429497.00",m/s**2
NP.5422..HN,34.18504,-118.44698000000001,216.0,"E,N,Z","213473.00,213892.00,213892.00",m/s**2
NP.5422..EH,34.18504,-118.44698000000001,216.0,Z,120421000.00,m/s
NP.5425..HN,34.27718,-118.55965,362.0,"E,N,Z","213892.00,213473.00,213892.00",m/s**2
NP.5425..EH,34.27718,-118.55965,362.0,Z,119616000.00,m/s
NP.5430..HN,33.19814,-117.37823999999999,25.0,"E,N,Z","213473.00,213473.00,214312.00",m/s**2
NP.5430..EH,33.19814,-117.37823999999999,25.0,Z,112868000.00,m/s
NP.5431..HN,34.2186,-118.86804,249.0,"E,N,Z","213473.00,213473.00,213892.00",m/s**2
NP.5431..EH,34.2186,-118.86804,249.0,Z,112868000.00,m/s
NP.5434..HN,34.0848,-118.86379,413.0,"E,N,Z","213892.00,213892.00,213473.00",m/s**2
NP.5434..EH,34.0848,-118.86379,413.0,Z,121034000.00,m/s
NP.5442..HN,34.049049,-116.94032299999999,1533.0,"E,N,Z","427529.00,427272.00,427785.00",m/s**2
NP.5442..EH,34.049049,-116.94032299999999,1533.0,Z,42036500.00,m/s
NP.5444..HN,33.634609999999995,-116.09534,-10.0,"E,N,Z","213679.00,213208.00,213978.00",m/s**2
NP.5444..EH,33.634609999999995,-116.09534,-10.0,Z,71324900.00,m/s
NP.5480..HN,34.70312,-118.42573,942.0,"E,N,Z","213581.00,213539.00,213667.00",m/s**2
NP.5480..EH,34.70312,-118.42573,942.0,Z,41934400.00,m/s
NP.5491..HN,32.82288,-116.529307,1129.0,"E,N,Z","213892.00,213892.00,213473.00",m/s**2
NP.5491..EH,32.82288,-116.529307,1129.0,Z,73159600.00,m/s
NP.5492..HN,34.200109999999995,-118.36044,223.0,"E,N,Z","213840.00,214097.00,213883.00",m/s**2
NP.5492..EH,34.200109999999995,-118.36044,223.0,Z,71612000.00,m/s
NP.5494..HN,32.95861,-116.57937,1486.0,"E,N,Z","213473.00,213892.00,213473.00",m/s**2
NP.5494..EH,32.95861,-116.57937,1486.0,Z,72228500.00,m/s
NP.5499..HN,33.940459999999995,-118.42066000000001,30.0,"E,N,Z","213706.00,214288.00,213637.00",m/s**2
PB.B079..EH,35.7157,-120.2057,436.6,"1,2,Z","781398000.00,781398000.00,781398000.00",m/s
PB.B081..EH,33.711166999999996,-116.71416699999999,1467.0,"1,2,Z","781398000.00,781398000.00,781398000.00",m/s
PB.B082..EH,33.598182,-116.596005,1374.8,"1,2,Z","781398000.00,781398000.00,781398000.00",m/s
PB.B084..EH,33.61157,-116.45636999999999,1271.0,"1,2,Z","781398000.00,781398000.00,781398000.00",m/s
PB.B086..EH,33.5575,-116.531,1392.0,"1,2,Z","781398000.00,781398000.00,781398000.00",m/s
PB.B087..EH,33.4955,-116.602667,1139.0,"1,2,Z","781398000.00,781398000.00,781398000.00",m/s
PB.B093..EH,33.59369,-116.7641,1229.6,"1,2,Z","781398000.00,781398000.00,781398000.00",m/s
PB.B900..EH,35.686,-120.00299999999999,219.5,"1,2,Z","781398000.00,781398000.00,781398000.00",m/s
PB.B901..EH,35.6897,-120.14200000000001,275.3,"1,2,Z","781398000.00,781398000.00,781398000.00",m/s
PB.B916..EH,36.1925,-117.6685,1859.9,"1,2,Z","781398000.00,781398000.00,781398000.00",m/s
PB.B917..EH,35.4053,-117.2588,1192.0,"1,2,Z","781398000.00,781398000.00,781398000.00",m/s
PB.B918..EH,35.9357,-117.6017,1042.6,"1,2,Z","781398000.00,781398000.00,781398000.00",m/s
PB.B921..EH,35.5865,-117.4622,694.5,"1,2,Z","781398000.00,781398000.00,781398000.00",m/s
PG.BLD..HN,35.533833,-120.90666999999999,457.0,"E,N,Z","153511.00,153511.00,153511.00",m/s**2
PG.BLD..EH,35.533833,-120.90666999999999,457.0,"E,N,Z","109471000.00,109471000.00,109471000.00",m/s
PG.DCD..EH,35.212165999999996,-120.84083600000001,238.0,"E,N,Z","245367000.00,245367000.00,245367000.00",m/s
PG.DPD..HN,35.233002,-120.78166999999999,488.0,"E,N,Z","153511.00,153511.00,153511.00",m/s**2
PG.DPD..EH,35.233002,-120.78166999999999,488.0,"E,N,Z","109471000.00,109471000.00,109471000.00",m/s
PG.EFD..HN,35.320499,-120.724998,95.0,"E,N,Z","153511.00,153511.00,153511.00",m/s**2
PG.EFD..EH,35.320499,-120.724998,95.0,"E,N,Z","109471000.00,109471000.00,109471000.00",m/s
PG.MLD..HN,35.322497999999996,-120.602501,762.0,"E,N,Z","153511.00,153511.00,153511.00",m/s**2
PG.MLD..EH,35.322497999999996,-120.602501,762.0,"E,N,Z","109471000.00,109471000.00,109471000.00",m/s
PG.NPD..HN,35.086334,-120.472504,452.0,"E,N,Z","153511.00,153511.00,153511.00",m/s**2
PG.NPD..EH,35.086334,-120.472504,452.0,"E,N,Z","109471000.00,109471000.00,109471000.00",m/s
PG.PBD..HN,35.709,-121.2715,183.0,"E,N,Z","153511.00,153511.00,153511.00",m/s**2
PG.PBD..EH,35.709,-121.2715,183.0,"E,N,Z","109471000.00,109471000.00,109471000.00",m/s
PG.PSD..HN,34.902167999999996,-120.62166599999999,378.0,"E,N,Z","153511.00,153511.00,153511.00",m/s**2
PG.PSD..EH,34.902167999999996,-120.62166599999999,378.0,"E,N,Z","245367000.00,245367000.00,245367000.00",m/s
PG.VPD..HN,35.239899,-120.869003,435.0,"E,N,Z","153511.00,153511.00,153511.00",m/s**2
PG.VPD..EH,35.239899,-120.869003,435.0,"E,N,Z","245367000.00,245367000.00,245367000.00",m/s
SN.AMD..EH,36.4526,-116.2818,775.4,"E,N,Z","7698000000.00,7698000000.00,7698000000.00",m/s
SN.HEL..HH,36.724602000000004,-116.975899,747.0,"E,N,Z","314020000.00,314020000.00,314020000.00",m/s
SN.HEL..HN,36.724602000000004,-116.975899,747.0,"E,N,Z","427894.00,427894.00,427894.00",m/s**2
SN.LEC..EH,36.5627,-116.6905,1113.0,"E,N,Z","7698000000.00,7698000000.00,7698000000.00",m/s
SN.PUV..EH,36.949402,-115.964203,1253.0,"E,N,Z","7698000000.00,7698000000.00,7698000000.00",m/s
SN.SGR..EH,36.9804,-117.0336,1560.0,"E,N,Z","4809860000.00,4809860000.00,4809860000.00",m/s
SN.TIM..EH,37.0667,-116.470299,1871.0,"E,N,Z","4488850000.00,4488850000.00,4488850000.00",m/s
SN.TPW..EH,36.9016,-116.2528,1573.0,"E,N,Z","7698000000.00,7698000000.00,7698000000.00",m/s
SN.TWP..EH,37.2047,-116.124298,1576.0,"E,N,Z","7698000000.00,7698000000.00,7698000000.00",m/s
SN.TYM..EH,37.144001,-116.721703,1457.0,"E,N,Z","7698000000.00,7698000000.00,7698000000.00",m/s
WR.CSP..HN,34.297973999999996,-117.35833000000001,1282.0,"E,N,Z","213908.00,213908.00,213908.00",m/s**2
WR.PEC..HN,33.891956,-117.161354,603.0,"E,N,Z","213908.00,213908.00,213908.00",m/s**2
WR.PEC..EH,33.891956,-117.161354,603.0,"E,N,Z","285211000.00,285211000.00,285211000.00",m/s
